filename,f_value,k_value,cluster
GrayScott-f0.0290-k0.0460-00.gif,0.029,0.046,0
GrayScott-f0.0520-k0.0600-00.gif,0.052,0.06,5
GrayScott-f0.0370-k0.0670-00.gif,0.037,0.067,1
GrayScott-f0.0420-k0.0410-00.gif,0.042,0.041,0
GrayScott-f0.0430-k0.0620-00.gif,0.043,0.062,1
GrayScott-f0.0330-k0.0530-00.gif,0.033,0.053,3
GrayScott-f0.0100-k0.0410-00.gif,0.01,0.041,4
GrayScott-f0.0300-k0.0680-00.gif,0.03,0.068,1
GrayScott-f0.0110-k0.0620-00.gif,0.011,0.062,1
GrayScott-f0.0330-k0.0590-00.gif,0.033,0.059,5
GrayScott-f0.0120-k0.0440-00.gif,0.012,0.044,4
GrayScott-f0.0140-k0.0530-00.gif,0.014,0.053,1
GrayScott-f0.0180-k0.0610-00.gif,0.018,0.061,1
GrayScott-f0.0210-k0.0440-00.gif,0.021,0.044,0
GrayScott-f0.0460-k0.0520-00.gif,0.046,0.052,3
GrayScott-f0.0420-k0.0530-00.gif,0.042,0.053,3
GrayScott-f0.0560-k0.0650-00.gif,0.056,0.065,1
GrayScott-f0.0180-k0.0630-00.gif,0.018,0.063,1
GrayScott-f0.0420-k0.0690-00.gif,0.042,0.069,1
GrayScott-f0.0540-k0.0600-00.gif,0.054,0.06,5
GrayScott-f0.0530-k0.0430-00.gif,0.053,0.043,0
GrayScott-f0.0270-k0.0600-00.gif,0.027,0.06,1
GrayScott-f0.0540-k0.0680-00.gif,0.054,0.068,1
GrayScott-f0.0490-k0.0660-00.gif,0.049,0.066,1
GrayScott-f0.0430-k0.0490-00.gif,0.043,0.049,2
GrayScott-f0.0250-k0.0620-00.gif,0.025,0.062,1
GrayScott-f0.0230-k0.0400-00.gif,0.023,0.04,0
GrayScott-f0.0540-k0.0640-00.gif,0.054,0.064,1
GrayScott-f0.0450-k0.0600-00.gif,0.045,0.06,5
GrayScott-f0.0340-k0.0610-00.gif,0.034,0.061,1
GrayScott-f0.0180-k0.0670-00.gif,0.018,0.067,1
GrayScott-f0.0280-k0.0690-00.gif,0.028,0.069,1
GrayScott-f0.0270-k0.0640-00.gif,0.027,0.064,1
GrayScott-f0.0190-k0.0640-00.gif,0.019,0.064,1
GrayScott-f0.0580-k0.0590-00.gif,0.058,0.059,5
GrayScott-f0.0260-k0.0410-00.gif,0.026,0.041,0
GrayScott-f0.0290-k0.0660-00.gif,0.029,0.066,1
GrayScott-f0.0160-k0.0460-00.gif,0.016,0.046,4
GrayScott-f0.0200-k0.0400-00.gif,0.02,0.04,0
GrayScott-f0.0370-k0.0620-00.gif,0.037,0.062,1
GrayScott-f0.0340-k0.0690-00.gif,0.034,0.069,1
GrayScott-f0.0260-k0.0600-00.gif,0.026,0.06,1
GrayScott-f0.0490-k0.0400-00.gif,0.049,0.04,0
GrayScott-f0.0540-k0.0620-00.gif,0.054,0.062,1
GrayScott-f0.0210-k0.0690-00.gif,0.021,0.069,1
GrayScott-f0.0330-k0.0430-00.gif,0.033,0.043,0
GrayScott-f0.0530-k0.0630-00.gif,0.053,0.063,1
GrayScott-f0.0420-k0.0540-00.gif,0.042,0.054,3
GrayScott-f0.0560-k0.0570-00.gif,0.056,0.057,5
GrayScott-f0.0580-k0.0460-00.gif,0.058,0.046,2
GrayScott-f0.0440-k0.0490-00.gif,0.044,0.049,2
GrayScott-f0.0340-k0.0400-00.gif,0.034,0.04,0
GrayScott-f0.0320-k0.0680-00.gif,0.032,0.068,1
GrayScott-f0.0320-k0.0600-00.gif,0.032,0.06,5
GrayScott-f0.0380-k0.0510-00.gif,0.038,0.051,2
GrayScott-f0.0570-k0.0590-00.gif,0.057,0.059,5
GrayScott-f0.0380-k0.0620-00.gif,0.038,0.062,1
GrayScott-f0.0260-k0.0660-00.gif,0.026,0.066,1
GrayScott-f0.0390-k0.0620-00.gif,0.039,0.062,1
GrayScott-f0.0350-k0.0510-00.gif,0.035,0.051,2
GrayScott-f0.0160-k0.0420-00.gif,0.016,0.042,0
GrayScott-f0.0160-k0.0640-00.gif,0.016,0.064,1
GrayScott-f0.0170-k0.0460-00.gif,0.017,0.046,4
GrayScott-f0.0110-k0.0610-00.gif,0.011,0.061,1
GrayScott-f0.0220-k0.0450-00.gif,0.022,0.045,0
GrayScott-f0.0430-k0.0610-00.gif,0.043,0.061,5
GrayScott-f0.0390-k0.0520-00.gif,0.039,0.052,2
GrayScott-f0.0450-k0.0560-00.gif,0.045,0.056,3
GrayScott-f0.0540-k0.0550-00.gif,0.054,0.055,3
GrayScott-f0.0330-k0.0470-00.gif,0.033,0.047,0
GrayScott-f0.0230-k0.0500-00.gif,0.023,0.05,2
GrayScott-f0.0550-k0.0510-00.gif,0.055,0.051,3
GrayScott-f0.0430-k0.0410-00.gif,0.043,0.041,0
GrayScott-f0.0440-k0.0480-00.gif,0.044,0.048,2
GrayScott-f0.0550-k0.0420-00.gif,0.055,0.042,0
GrayScott-f0.0330-k0.0690-00.gif,0.033,0.069,1
GrayScott-f0.0120-k0.0530-00.gif,0.012,0.053,1
GrayScott-f0.0460-k0.0500-00.gif,0.046,0.05,2
GrayScott-f0.0420-k0.0630-00.gif,0.042,0.063,1
GrayScott-f0.0220-k0.0580-00.gif,0.022,0.058,1
GrayScott-f0.0210-k0.0410-00.gif,0.021,0.041,0
GrayScott-f0.0140-k0.0640-00.gif,0.014,0.064,1
GrayScott-f0.0240-k0.0670-00.gif,0.024,0.067,1
GrayScott-f0.0200-k0.0460-00.gif,0.02,0.046,0
GrayScott-f0.0170-k0.0640-00.gif,0.017,0.064,1
GrayScott-f0.0180-k0.0430-00.gif,0.018,0.043,0
GrayScott-f0.0220-k0.0560-00.gif,0.022,0.056,5
GrayScott-f0.0460-k0.0470-00.gif,0.046,0.047,2
GrayScott-f0.0150-k0.0440-00.gif,0.015,0.044,4
GrayScott-f0.0260-k0.0490-00.gif,0.026,0.049,2
GrayScott-f0.0190-k0.0560-00.gif,0.019,0.056,5
GrayScott-f0.0280-k0.0460-00.gif,0.028,0.046,0
GrayScott-f0.0200-k0.0600-00.gif,0.02,0.06,1
GrayScott-f0.0300-k0.0490-00.gif,0.03,0.049,2
GrayScott-f0.0550-k0.0640-00.gif,0.055,0.064,1
GrayScott-f0.0430-k0.0600-00.gif,0.043,0.06,5
GrayScott-f0.0470-k0.0650-00.gif,0.047,0.065,1
GrayScott-f0.0300-k0.0560-00.gif,0.03,0.056,5
GrayScott-f0.0280-k0.0630-00.gif,0.028,0.063,1
GrayScott-f0.0280-k0.0670-00.gif,0.028,0.067,1
GrayScott-f0.0530-k0.0520-00.gif,0.053,0.052,3
GrayScott-f0.0440-k0.0540-00.gif,0.044,0.054,3
GrayScott-f0.0400-k0.0630-00.gif,0.04,0.063,1
GrayScott-f0.0210-k0.0510-00.gif,0.021,0.051,4
GrayScott-f0.0230-k0.0550-00.gif,0.023,0.055,5
GrayScott-f0.0580-k0.0570-00.gif,0.058,0.057,5
GrayScott-f0.0310-k0.0690-00.gif,0.031,0.069,1
GrayScott-f0.0210-k0.0610-00.gif,0.021,0.061,1
GrayScott-f0.0290-k0.0440-00.gif,0.029,0.044,0
GrayScott-f0.0330-k0.0650-00.gif,0.033,0.065,1
GrayScott-f0.0160-k0.0670-00.gif,0.016,0.067,1
GrayScott-f0.0220-k0.0410-00.gif,0.022,0.041,0
GrayScott-f0.0540-k0.0410-00.gif,0.054,0.041,0
GrayScott-f0.0520-k0.0650-00.gif,0.052,0.065,1
GrayScott-f0.0220-k0.0540-00.gif,0.022,0.054,4
GrayScott-f0.0320-k0.0410-00.gif,0.032,0.041,0
GrayScott-f0.0390-k0.0410-00.gif,0.039,0.041,0
GrayScott-f0.0480-k0.0430-00.gif,0.048,0.043,0
GrayScott-f0.0140-k0.0440-00.gif,0.014,0.044,4
GrayScott-f0.0330-k0.0580-00.gif,0.033,0.058,5
GrayScott-f0.0300-k0.0670-00.gif,0.03,0.067,1
GrayScott-f0.0360-k0.0590-00.gif,0.036,0.059,5
GrayScott-f0.0490-k0.0690-00.gif,0.049,0.069,1
GrayScott-f0.0300-k0.0600-00.gif,0.03,0.06,5
GrayScott-f0.0510-k0.0570-00.gif,0.051,0.057,5
GrayScott-f0.0130-k0.0480-00.gif,0.013,0.048,4
GrayScott-f0.0130-k0.0420-00.gif,0.013,0.042,4
GrayScott-f0.0300-k0.0540-00.gif,0.03,0.054,3
GrayScott-f0.0200-k0.0610-00.gif,0.02,0.061,1
GrayScott-f0.0270-k0.0450-00.gif,0.027,0.045,0
GrayScott-f0.0300-k0.0520-00.gif,0.03,0.052,2
GrayScott-f0.0280-k0.0660-00.gif,0.028,0.066,1
GrayScott-f0.0250-k0.0490-00.gif,0.025,0.049,2
GrayScott-f0.0560-k0.0490-00.gif,0.056,0.049,2
GrayScott-f0.0490-k0.0460-00.gif,0.049,0.046,2
GrayScott-f0.0460-k0.0650-00.gif,0.046,0.065,1
GrayScott-f0.0520-k0.0540-00.gif,0.052,0.054,3
GrayScott-f0.0400-k0.0490-00.gif,0.04,0.049,2
GrayScott-f0.0120-k0.0480-00.gif,0.012,0.048,4
GrayScott-f0.0530-k0.0480-00.gif,0.053,0.048,2
GrayScott-f0.0150-k0.0480-00.gif,0.015,0.048,4
GrayScott-f0.0560-k0.0600-00.gif,0.056,0.06,5
GrayScott-f0.0230-k0.0420-00.gif,0.023,0.042,0
GrayScott-f0.0330-k0.0440-00.gif,0.033,0.044,0
GrayScott-f0.0340-k0.0420-00.gif,0.034,0.042,0
GrayScott-f0.0580-k0.0650-00.gif,0.058,0.065,1
GrayScott-f0.0440-k0.0570-00.gif,0.044,0.057,5
GrayScott-f0.0410-k0.0620-00.gif,0.041,0.062,1
GrayScott-f0.0160-k0.0610-00.gif,0.016,0.061,1
GrayScott-f0.0140-k0.0600-00.gif,0.014,0.06,1
GrayScott-f0.0390-k0.0500-00.gif,0.039,0.05,2
GrayScott-f0.0190-k0.0400-00.gif,0.019,0.04,0
GrayScott-f0.0180-k0.0560-00.gif,0.018,0.056,1
GrayScott-f0.0480-k0.0680-00.gif,0.048,0.068,1
GrayScott-f0.0200-k0.0510-00.gif,0.02,0.051,4
GrayScott-f0.0120-k0.0510-00.gif,0.012,0.051,4
GrayScott-f0.0480-k0.0620-00.gif,0.048,0.062,1
GrayScott-f0.0410-k0.0550-00.gif,0.041,0.055,3
GrayScott-f0.0140-k0.0480-00.gif,0.014,0.048,4
GrayScott-f0.0550-k0.0400-00.gif,0.055,0.04,0
GrayScott-f0.0570-k0.0620-00.gif,0.057,0.062,1
GrayScott-f0.0380-k0.0470-00.gif,0.038,0.047,2
GrayScott-f0.0400-k0.0470-00.gif,0.04,0.047,2
GrayScott-f0.0130-k0.0690-00.gif,0.013,0.069,1
GrayScott-f0.0350-k0.0460-00.gif,0.035,0.046,0
GrayScott-f0.0350-k0.0420-00.gif,0.035,0.042,0
GrayScott-f0.0310-k0.0580-00.gif,0.031,0.058,5
GrayScott-f0.0120-k0.0590-00.gif,0.012,0.059,1
GrayScott-f0.0570-k0.0420-00.gif,0.057,0.042,0
GrayScott-f0.0440-k0.0520-00.gif,0.044,0.052,3
GrayScott-f0.0130-k0.0560-00.gif,0.013,0.056,1
GrayScott-f0.0100-k0.0420-00.gif,0.01,0.042,4
GrayScott-f0.0370-k0.0680-00.gif,0.037,0.068,1
GrayScott-f0.0500-k0.0690-00.gif,0.05,0.069,1
GrayScott-f0.0420-k0.0510-00.gif,0.042,0.051,2
GrayScott-f0.0430-k0.0430-00.gif,0.043,0.043,0
GrayScott-f0.0380-k0.0690-00.gif,0.038,0.069,1
GrayScott-f0.0460-k0.0680-00.gif,0.046,0.068,1
GrayScott-f0.0110-k0.0690-00.gif,0.011,0.069,1
GrayScott-f0.0280-k0.0500-00.gif,0.028,0.05,2
GrayScott-f0.0260-k0.0550-00.gif,0.026,0.055,4
GrayScott-f0.0500-k0.0420-00.gif,0.05,0.042,0
GrayScott-f0.0420-k0.0590-00.gif,0.042,0.059,5
GrayScott-f0.0110-k0.0550-00.gif,0.011,0.055,1
GrayScott-f0.0100-k0.0470-00.gif,0.01,0.047,4
GrayScott-f0.0290-k0.0450-00.gif,0.029,0.045,0
GrayScott-f0.0390-k0.0530-00.gif,0.039,0.053,3
GrayScott-f0.0310-k0.0550-00.gif,0.031,0.055,3
GrayScott-f0.0120-k0.0580-00.gif,0.012,0.058,1
GrayScott-f0.0510-k0.0520-00.gif,0.051,0.052,3
GrayScott-f0.0590-k0.0490-00.gif,0.059,0.049,2
GrayScott-f0.0500-k0.0630-00.gif,0.05,0.063,1
GrayScott-f0.0520-k0.0610-00.gif,0.052,0.061,5
GrayScott-f0.0310-k0.0640-00.gif,0.031,0.064,1
GrayScott-f0.0190-k0.0590-00.gif,0.019,0.059,1
GrayScott-f0.0300-k0.0440-00.gif,0.03,0.044,0
GrayScott-f0.0120-k0.0520-00.gif,0.012,0.052,1
GrayScott-f0.0360-k0.0450-00.gif,0.036,0.045,0
GrayScott-f0.0580-k0.0440-00.gif,0.058,0.044,2
GrayScott-f0.0150-k0.0450-00.gif,0.015,0.045,4
GrayScott-f0.0210-k0.0480-00.gif,0.021,0.048,2
GrayScott-f0.0480-k0.0600-00.gif,0.048,0.06,5
GrayScott-f0.0310-k0.0450-00.gif,0.031,0.045,0
GrayScott-f0.0490-k0.0600-00.gif,0.049,0.06,5
GrayScott-f0.0290-k0.0480-00.gif,0.029,0.048,2
GrayScott-f0.0390-k0.0690-00.gif,0.039,0.069,1
GrayScott-f0.0320-k0.0520-00.gif,0.032,0.052,2
GrayScott-f0.0210-k0.0400-00.gif,0.021,0.04,0
GrayScott-f0.0360-k0.0470-00.gif,0.036,0.047,0
GrayScott-f0.0440-k0.0620-00.gif,0.044,0.062,1
GrayScott-f0.0550-k0.0560-00.gif,0.055,0.056,5
GrayScott-f0.0570-k0.0490-00.gif,0.057,0.049,2
GrayScott-f0.0150-k0.0500-00.gif,0.015,0.05,4
GrayScott-f0.0450-k0.0550-00.gif,0.045,0.055,3
GrayScott-f0.0380-k0.0570-00.gif,0.038,0.057,5
GrayScott-f0.0360-k0.0410-00.gif,0.036,0.041,0
GrayScott-f0.0450-k0.0500-00.gif,0.045,0.05,2
GrayScott-f0.0550-k0.0610-00.gif,0.055,0.061,1
GrayScott-f0.0220-k0.0400-00.gif,0.022,0.04,0
GrayScott-f0.0430-k0.0550-00.gif,0.043,0.055,3
GrayScott-f0.0590-k0.0630-00.gif,0.059,0.063,1
GrayScott-f0.0500-k0.0570-00.gif,0.05,0.057,5
GrayScott-f0.0480-k0.0410-00.gif,0.048,0.041,0
GrayScott-f0.0220-k0.0690-00.gif,0.022,0.069,1
GrayScott-f0.0140-k0.0470-00.gif,0.014,0.047,4
GrayScott-f0.0450-k0.0520-00.gif,0.045,0.052,3
GrayScott-f0.0110-k0.0600-00.gif,0.011,0.06,1
GrayScott-f0.0330-k0.0480-00.gif,0.033,0.048,2
GrayScott-f0.0260-k0.0690-00.gif,0.026,0.069,1
GrayScott-f0.0230-k0.0470-00.gif,0.023,0.047,0
GrayScott-f0.0130-k0.0640-00.gif,0.013,0.064,1
GrayScott-f0.0470-k0.0630-00.gif,0.047,0.063,1
GrayScott-f0.0210-k0.0520-00.gif,0.021,0.052,4
GrayScott-f0.0590-k0.0640-00.gif,0.059,0.064,1
GrayScott-f0.0490-k0.0640-00.gif,0.049,0.064,1
GrayScott-f0.0390-k0.0570-00.gif,0.039,0.057,5
GrayScott-f0.0110-k0.0630-00.gif,0.011,0.063,1
GrayScott-f0.0230-k0.0510-00.gif,0.023,0.051,4
GrayScott-f0.0260-k0.0650-00.gif,0.026,0.065,1
GrayScott-f0.0470-k0.0530-00.gif,0.047,0.053,3
GrayScott-f0.0200-k0.0650-00.gif,0.02,0.065,1
GrayScott-f0.0150-k0.0580-00.gif,0.015,0.058,1
GrayScott-f0.0300-k0.0690-00.gif,0.03,0.069,1
GrayScott-f0.0140-k0.0430-00.gif,0.014,0.043,4
GrayScott-f0.0510-k0.0660-00.gif,0.051,0.066,1
GrayScott-f0.0330-k0.0600-00.gif,0.033,0.06,5
GrayScott-f0.0330-k0.0640-00.gif,0.033,0.064,1
GrayScott-f0.0450-k0.0540-00.gif,0.045,0.054,3
GrayScott-f0.0380-k0.0500-00.gif,0.038,0.05,2
GrayScott-f0.0110-k0.0590-00.gif,0.011,0.059,1
GrayScott-f0.0250-k0.0640-00.gif,0.025,0.064,1
GrayScott-f0.0370-k0.0420-00.gif,0.037,0.042,0
GrayScott-f0.0420-k0.0650-00.gif,0.042,0.065,1
GrayScott-f0.0190-k0.0540-00.gif,0.019,0.054,4
GrayScott-f0.0460-k0.0480-00.gif,0.046,0.048,2
GrayScott-f0.0240-k0.0550-00.gif,0.024,0.055,4
GrayScott-f0.0510-k0.0430-00.gif,0.051,0.043,0
GrayScott-f0.0470-k0.0690-00.gif,0.047,0.069,1
GrayScott-f0.0290-k0.0420-00.gif,0.029,0.042,0
GrayScott-f0.0560-k0.0620-00.gif,0.056,0.062,1
GrayScott-f0.0210-k0.0470-00.gif,0.021,0.047,2
GrayScott-f0.0180-k0.0480-00.gif,0.018,0.048,4
GrayScott-f0.0390-k0.0540-00.gif,0.039,0.054,3
GrayScott-f0.0430-k0.0470-00.gif,0.043,0.047,2
GrayScott-f0.0590-k0.0470-00.gif,0.059,0.047,2
GrayScott-f0.0420-k0.0470-00.gif,0.042,0.047,2
GrayScott-f0.0380-k0.0530-00.gif,0.038,0.053,3
GrayScott-f0.0450-k0.0670-00.gif,0.045,0.067,1
GrayScott-f0.0100-k0.0460-00.gif,0.01,0.046,4
GrayScott-f0.0310-k0.0460-00.gif,0.031,0.046,0
GrayScott-f0.0270-k0.0660-00.gif,0.027,0.066,1
GrayScott-f0.0440-k0.0630-00.gif,0.044,0.063,1
GrayScott-f0.0570-k0.0550-00.gif,0.057,0.055,3
GrayScott-f0.0130-k0.0670-00.gif,0.013,0.067,1
GrayScott-f0.0380-k0.0410-00.gif,0.038,0.041,0
GrayScott-f0.0190-k0.0460-00.gif,0.019,0.046,0
GrayScott-f0.0230-k0.0630-00.gif,0.023,0.063,1
GrayScott-f0.0450-k0.0460-00.gif,0.045,0.046,2
GrayScott-f0.0520-k0.0520-00.gif,0.052,0.052,3
GrayScott-f0.0370-k0.0520-00.gif,0.037,0.052,2
GrayScott-f0.0570-k0.0610-00.gif,0.057,0.061,1
GrayScott-f0.0320-k0.0650-00.gif,0.032,0.065,1
GrayScott-f0.0480-k0.0630-00.gif,0.048,0.063,1
GrayScott-f0.0380-k0.0540-00.gif,0.038,0.054,3
GrayScott-f0.0500-k0.0500-00.gif,0.05,0.05,2
GrayScott-f0.0290-k0.0600-00.gif,0.029,0.06,1
GrayScott-f0.0350-k0.0450-00.gif,0.035,0.045,0
GrayScott-f0.0300-k0.0650-00.gif,0.03,0.065,1
GrayScott-f0.0560-k0.0680-00.gif,0.056,0.068,1
GrayScott-f0.0220-k0.0650-00.gif,0.022,0.065,1
GrayScott-f0.0190-k0.0510-00.gif,0.019,0.051,4
GrayScott-f0.0400-k0.0650-00.gif,0.04,0.065,1
GrayScott-f0.0440-k0.0580-00.gif,0.044,0.058,5
GrayScott-f0.0450-k0.0610-00.gif,0.045,0.061,5
GrayScott-f0.0570-k0.0480-00.gif,0.057,0.048,2
GrayScott-f0.0310-k0.0520-00.gif,0.031,0.052,2
GrayScott-f0.0220-k0.0530-00.gif,0.022,0.053,4
GrayScott-f0.0580-k0.0510-00.gif,0.058,0.051,3
GrayScott-f0.0330-k0.0570-00.gif,0.033,0.057,5
GrayScott-f0.0560-k0.0410-00.gif,0.056,0.041,0
GrayScott-f0.0340-k0.0650-00.gif,0.034,0.065,1
GrayScott-f0.0450-k0.0420-00.gif,0.045,0.042,0
GrayScott-f0.0550-k0.0590-00.gif,0.055,0.059,5
GrayScott-f0.0430-k0.0530-00.gif,0.043,0.053,3
GrayScott-f0.0580-k0.0480-00.gif,0.058,0.048,2
GrayScott-f0.0100-k0.0500-00.gif,0.01,0.05,4
GrayScott-f0.0190-k0.0620-00.gif,0.019,0.062,1
GrayScott-f0.0500-k0.0610-00.gif,0.05,0.061,5
GrayScott-f0.0460-k0.0510-00.gif,0.046,0.051,2
GrayScott-f0.0460-k0.0460-00.gif,0.046,0.046,2
GrayScott-f0.0250-k0.0470-00.gif,0.025,0.047,0
GrayScott-f0.0470-k0.0490-00.gif,0.047,0.049,2
GrayScott-f0.0570-k0.0410-00.gif,0.057,0.041,0
GrayScott-f0.0390-k0.0610-00.gif,0.039,0.061,5
GrayScott-f0.0480-k0.0460-00.gif,0.048,0.046,2
GrayScott-f0.0320-k0.0560-00.gif,0.032,0.056,3
GrayScott-f0.0450-k0.0590-00.gif,0.045,0.059,5
GrayScott-f0.0100-k0.0600-00.gif,0.01,0.06,1
GrayScott-f0.0480-k0.0670-00.gif,0.048,0.067,1
GrayScott-f0.0460-k0.0580-00.gif,0.046,0.058,5
GrayScott-f0.0160-k0.0450-00.gif,0.016,0.045,4
GrayScott-f0.0270-k0.0490-00.gif,0.027,0.049,2
GrayScott-f0.0560-k0.0690-00.gif,0.056,0.069,1
GrayScott-f0.0290-k0.0470-00.gif,0.029,0.047,0
GrayScott-f0.0240-k0.0570-00.gif,0.024,0.057,5
GrayScott-f0.0410-k0.0400-00.gif,0.041,0.04,0
GrayScott-f0.0220-k0.0470-00.gif,0.022,0.047,0
GrayScott-f0.0390-k0.0640-00.gif,0.039,0.064,1
GrayScott-f0.0400-k0.0600-00.gif,0.04,0.06,5
GrayScott-f0.0530-k0.0600-00.gif,0.053,0.06,5
GrayScott-f0.0180-k0.0500-00.gif,0.018,0.05,4
GrayScott-f0.0180-k0.0450-00.gif,0.018,0.045,4
GrayScott-f0.0300-k0.0400-00.gif,0.03,0.04,0
GrayScott-f0.0580-k0.0600-00.gif,0.058,0.06,5
GrayScott-f0.0180-k0.0580-00.gif,0.018,0.058,1
GrayScott-f0.0200-k0.0440-00.gif,0.02,0.044,0
GrayScott-f0.0150-k0.0460-00.gif,0.015,0.046,4
GrayScott-f0.0390-k0.0590-00.gif,0.039,0.059,5
GrayScott-f0.0320-k0.0580-00.gif,0.032,0.058,5
GrayScott-f0.0510-k0.0610-00.gif,0.051,0.061,5
GrayScott-f0.0240-k0.0650-00.gif,0.024,0.065,1
GrayScott-f0.0170-k0.0560-00.gif,0.017,0.056,1
GrayScott-f0.0180-k0.0540-00.gif,0.018,0.054,5
GrayScott-f0.0420-k0.0670-00.gif,0.042,0.067,1
GrayScott-f0.0160-k0.0600-00.gif,0.016,0.06,1
GrayScott-f0.0310-k0.0410-00.gif,0.031,0.041,0
GrayScott-f0.0500-k0.0490-00.gif,0.05,0.049,2
GrayScott-f0.0240-k0.0530-00.gif,0.024,0.053,4
GrayScott-f0.0270-k0.0570-00.gif,0.027,0.057,5
GrayScott-f0.0190-k0.0570-00.gif,0.019,0.057,1
GrayScott-f0.0290-k0.0630-00.gif,0.029,0.063,1
GrayScott-f0.0100-k0.0550-00.gif,0.01,0.055,1
GrayScott-f0.0550-k0.0570-00.gif,0.055,0.057,5
GrayScott-f0.0120-k0.0570-00.gif,0.012,0.057,1
GrayScott-f0.0430-k0.0650-00.gif,0.043,0.065,1
GrayScott-f0.0360-k0.0600-00.gif,0.036,0.06,5
GrayScott-f0.0590-k0.0590-00.gif,0.059,0.059,5
GrayScott-f0.0190-k0.0490-00.gif,0.019,0.049,4
GrayScott-f0.0220-k0.0610-00.gif,0.022,0.061,1
GrayScott-f0.0180-k0.0420-00.gif,0.018,0.042,0
GrayScott-f0.0450-k0.0470-00.gif,0.045,0.047,2
GrayScott-f0.0120-k0.0490-00.gif,0.012,0.049,4
GrayScott-f0.0420-k0.0420-00.gif,0.042,0.042,0
GrayScott-f0.0530-k0.0610-00.gif,0.053,0.061,5
GrayScott-f0.0370-k0.0630-00.gif,0.037,0.063,1
GrayScott-f0.0420-k0.0450-00.gif,0.042,0.045,0
GrayScott-f0.0580-k0.0450-00.gif,0.058,0.045,2
GrayScott-f0.0260-k0.0460-00.gif,0.026,0.046,0
GrayScott-f0.0500-k0.0410-00.gif,0.05,0.041,0
GrayScott-f0.0250-k0.0530-00.gif,0.025,0.053,3
GrayScott-f0.0360-k0.0460-00.gif,0.036,0.046,0
GrayScott-f0.0500-k0.0680-00.gif,0.05,0.068,1
GrayScott-f0.0350-k0.0590-00.gif,0.035,0.059,5
GrayScott-f0.0330-k0.0680-00.gif,0.033,0.068,1
GrayScott-f0.0510-k0.0470-00.gif,0.051,0.047,2
GrayScott-f0.0130-k0.0410-00.gif,0.013,0.041,4
GrayScott-f0.0590-k0.0520-00.gif,0.059,0.052,3
GrayScott-f0.0460-k0.0610-00.gif,0.046,0.061,5
GrayScott-f0.0110-k0.0480-00.gif,0.011,0.048,4
GrayScott-f0.0510-k0.0530-00.gif,0.051,0.053,3
GrayScott-f0.0220-k0.0490-00.gif,0.022,0.049,2
GrayScott-f0.0430-k0.0680-00.gif,0.043,0.068,1
GrayScott-f0.0420-k0.0430-00.gif,0.042,0.043,0
GrayScott-f0.0120-k0.0450-00.gif,0.012,0.045,4
GrayScott-f0.0520-k0.0640-00.gif,0.052,0.064,1
GrayScott-f0.0480-k0.0660-00.gif,0.048,0.066,1
GrayScott-f0.0190-k0.0480-00.gif,0.019,0.048,4
GrayScott-f0.0350-k0.0610-00.gif,0.035,0.061,1
GrayScott-f0.0530-k0.0620-00.gif,0.053,0.062,1
GrayScott-f0.0550-k0.0620-00.gif,0.055,0.062,1
GrayScott-f0.0190-k0.0600-00.gif,0.019,0.06,1
GrayScott-f0.0320-k0.0640-00.gif,0.032,0.064,1
GrayScott-f0.0350-k0.0630-00.gif,0.035,0.063,1
GrayScott-f0.0130-k0.0530-00.gif,0.013,0.053,1
GrayScott-f0.0170-k0.0540-00.gif,0.017,0.054,5
GrayScott-f0.0160-k0.0530-00.gif,0.016,0.053,4
GrayScott-f0.0210-k0.0580-00.gif,0.021,0.058,1
GrayScott-f0.0590-k0.0440-00.gif,0.059,0.044,2
GrayScott-f0.0170-k0.0610-00.gif,0.017,0.061,1
GrayScott-f0.0580-k0.0560-00.gif,0.058,0.056,5
GrayScott-f0.0400-k0.0610-00.gif,0.04,0.061,5
GrayScott-f0.0290-k0.0680-00.gif,0.029,0.068,1
GrayScott-f0.0430-k0.0480-00.gif,0.043,0.048,2
GrayScott-f0.0240-k0.0510-00.gif,0.024,0.051,2
GrayScott-f0.0590-k0.0410-00.gif,0.059,0.041,0
GrayScott-f0.0400-k0.0430-00.gif,0.04,0.043,0
GrayScott-f0.0370-k0.0510-00.gif,0.037,0.051,2
GrayScott-f0.0240-k0.0400-00.gif,0.024,0.04,0
GrayScott-f0.0490-k0.0670-00.gif,0.049,0.067,1
GrayScott-f0.0300-k0.0620-00.gif,0.03,0.062,1
GrayScott-f0.0450-k0.0400-00.gif,0.045,0.04,0
GrayScott-f0.0410-k0.0680-00.gif,0.041,0.068,1
GrayScott-f0.0150-k0.0420-00.gif,0.015,0.042,4
GrayScott-f0.0370-k0.0500-00.gif,0.037,0.05,2
GrayScott-f0.0100-k0.0680-00.gif,0.01,0.068,1
GrayScott-f0.0140-k0.0550-00.gif,0.014,0.055,1
GrayScott-f0.0410-k0.0570-00.gif,0.041,0.057,5
GrayScott-f0.0270-k0.0430-00.gif,0.027,0.043,0
GrayScott-f0.0410-k0.0410-00.gif,0.041,0.041,0
GrayScott-f0.0160-k0.0410-00.gif,0.016,0.041,0
GrayScott-f0.0100-k0.0640-00.gif,0.01,0.064,1
GrayScott-f0.0120-k0.0690-00.gif,0.012,0.069,1
GrayScott-f0.0210-k0.0430-00.gif,0.021,0.043,0
GrayScott-f0.0430-k0.0570-00.gif,0.043,0.057,5
GrayScott-f0.0120-k0.0540-00.gif,0.012,0.054,1
GrayScott-f0.0410-k0.0450-00.gif,0.041,0.045,0
GrayScott-f0.0580-k0.0580-00.gif,0.058,0.058,5
GrayScott-f0.0150-k0.0650-00.gif,0.015,0.065,1
GrayScott-f0.0580-k0.0640-00.gif,0.058,0.064,1
GrayScott-f0.0450-k0.0490-00.gif,0.045,0.049,2
GrayScott-f0.0250-k0.0650-00.gif,0.025,0.065,1
GrayScott-f0.0360-k0.0420-00.gif,0.036,0.042,0
GrayScott-f0.0470-k0.0660-00.gif,0.047,0.066,1
GrayScott-f0.0220-k0.0430-00.gif,0.022,0.043,0
GrayScott-f0.0560-k0.0660-00.gif,0.056,0.066,1
GrayScott-f0.0110-k0.0490-00.gif,0.011,0.049,4
GrayScott-f0.0130-k0.0650-00.gif,0.013,0.065,1
GrayScott-f0.0590-k0.0560-00.gif,0.059,0.056,5
GrayScott-f0.0370-k0.0410-00.gif,0.037,0.041,0
GrayScott-f0.0350-k0.0440-00.gif,0.035,0.044,0
GrayScott-f0.0230-k0.0570-00.gif,0.023,0.057,5
GrayScott-f0.0370-k0.0640-00.gif,0.037,0.064,1
GrayScott-f0.0170-k0.0550-00.gif,0.017,0.055,1
GrayScott-f0.0300-k0.0430-00.gif,0.03,0.043,0
GrayScott-f0.0410-k0.0630-00.gif,0.041,0.063,1
GrayScott-f0.0200-k0.0430-00.gif,0.02,0.043,0
GrayScott-f0.0390-k0.0420-00.gif,0.039,0.042,0
GrayScott-f0.0490-k0.0440-00.gif,0.049,0.044,0
GrayScott-f0.0290-k0.0650-00.gif,0.029,0.065,1
GrayScott-f0.0200-k0.0630-00.gif,0.02,0.063,1
GrayScott-f0.0290-k0.0490-00.gif,0.029,0.049,2
GrayScott-f0.0200-k0.0530-00.gif,0.02,0.053,4
GrayScott-f0.0540-k0.0440-00.gif,0.054,0.044,0
GrayScott-f0.0370-k0.0560-00.gif,0.037,0.056,3
GrayScott-f0.0170-k0.0520-00.gif,0.017,0.052,4
GrayScott-f0.0140-k0.0660-00.gif,0.014,0.066,1
GrayScott-f0.0360-k0.0660-00.gif,0.036,0.066,1
GrayScott-f0.0400-k0.0460-00.gif,0.04,0.046,0
GrayScott-f0.0280-k0.0480-00.gif,0.028,0.048,2
GrayScott-f0.0550-k0.0540-00.gif,0.055,0.054,3
GrayScott-f0.0570-k0.0650-00.gif,0.057,0.065,1
GrayScott-f0.0400-k0.0690-00.gif,0.04,0.069,1
GrayScott-f0.0250-k0.0520-00.gif,0.025,0.052,3
GrayScott-f0.0130-k0.0400-00.gif,0.013,0.04,4
GrayScott-f0.0180-k0.0520-00.gif,0.018,0.052,4
GrayScott-f0.0460-k0.0550-00.gif,0.046,0.055,3
GrayScott-f0.0190-k0.0660-00.gif,0.019,0.066,1
GrayScott-f0.0200-k0.0540-00.gif,0.02,0.054,4
GrayScott-f0.0110-k0.0510-00.gif,0.011,0.051,4
GrayScott-f0.0320-k0.0470-00.gif,0.032,0.047,0
GrayScott-f0.0330-k0.0450-00.gif,0.033,0.045,0
GrayScott-f0.0490-k0.0610-00.gif,0.049,0.061,5
GrayScott-f0.0140-k0.0490-00.gif,0.014,0.049,4
GrayScott-f0.0420-k0.0660-00.gif,0.042,0.066,1
GrayScott-f0.0280-k0.0490-00.gif,0.028,0.049,2
GrayScott-f0.0280-k0.0420-00.gif,0.028,0.042,0
GrayScott-f0.0590-k0.0680-00.gif,0.059,0.068,1
GrayScott-f0.0490-k0.0570-00.gif,0.049,0.057,5
GrayScott-f0.0150-k0.0620-00.gif,0.015,0.062,1
GrayScott-f0.0410-k0.0510-00.gif,0.041,0.051,2
GrayScott-f0.0320-k0.0430-00.gif,0.032,0.043,0
GrayScott-f0.0390-k0.0400-00.gif,0.039,0.04,0
GrayScott-f0.0150-k0.0670-00.gif,0.015,0.067,1
GrayScott-f0.0490-k0.0590-00.gif,0.049,0.059,5
GrayScott-f0.0280-k0.0450-00.gif,0.028,0.045,0
GrayScott-f0.0380-k0.0630-00.gif,0.038,0.063,1
GrayScott-f0.0550-k0.0470-00.gif,0.055,0.047,2
GrayScott-f0.0350-k0.0640-00.gif,0.035,0.064,1
GrayScott-f0.0270-k0.0690-00.gif,0.027,0.069,1
GrayScott-f0.0450-k0.0620-00.gif,0.045,0.062,1
GrayScott-f0.0550-k0.0580-00.gif,0.055,0.058,5
GrayScott-f0.0100-k0.0400-00.gif,0.01,0.04,4
GrayScott-f0.0550-k0.0520-00.gif,0.055,0.052,3
GrayScott-f0.0170-k0.0420-00.gif,0.017,0.042,0
GrayScott-f0.0310-k0.0590-00.gif,0.031,0.059,5
GrayScott-f0.0150-k0.0410-00.gif,0.015,0.041,0
GrayScott-f0.0250-k0.0450-00.gif,0.025,0.045,0
GrayScott-f0.0380-k0.0650-00.gif,0.038,0.065,1
GrayScott-f0.0370-k0.0580-00.gif,0.037,0.058,5
GrayScott-f0.0250-k0.0550-00.gif,0.025,0.055,4
GrayScott-f0.0580-k0.0660-00.gif,0.058,0.066,1
GrayScott-f0.0440-k0.0420-00.gif,0.044,0.042,0
GrayScott-f0.0190-k0.0520-00.gif,0.019,0.052,4
GrayScott-f0.0120-k0.0430-00.gif,0.012,0.043,4
GrayScott-f0.0150-k0.0610-00.gif,0.015,0.061,1
GrayScott-f0.0560-k0.0470-00.gif,0.056,0.047,2
GrayScott-f0.0540-k0.0460-00.gif,0.054,0.046,2
GrayScott-f0.0580-k0.0530-00.gif,0.058,0.053,3
GrayScott-f0.0410-k0.0520-00.gif,0.041,0.052,2
GrayScott-f0.0100-k0.0620-00.gif,0.01,0.062,1
GrayScott-f0.0540-k0.0430-00.gif,0.054,0.043,0
GrayScott-f0.0390-k0.0600-00.gif,0.039,0.06,5
GrayScott-f0.0260-k0.0520-00.gif,0.026,0.052,3
GrayScott-f0.0350-k0.0620-00.gif,0.035,0.062,1
GrayScott-f0.0230-k0.0530-00.gif,0.023,0.053,4
GrayScott-f0.0360-k0.0520-00.gif,0.036,0.052,2
GrayScott-f0.0340-k0.0640-00.gif,0.034,0.064,1
GrayScott-f0.0370-k0.0610-00.gif,0.037,0.061,5
GrayScott-f0.0470-k0.0620-00.gif,0.047,0.062,1
GrayScott-f0.0210-k0.0420-00.gif,0.021,0.042,0
GrayScott-f0.0410-k0.0490-00.gif,0.041,0.049,2
GrayScott-f0.0470-k0.0460-00.gif,0.047,0.046,2
GrayScott-f0.0380-k0.0640-00.gif,0.038,0.064,1
GrayScott-f0.0310-k0.0570-00.gif,0.031,0.057,5
GrayScott-f0.0590-k0.0480-00.gif,0.059,0.048,2
GrayScott-f0.0370-k0.0470-00.gif,0.037,0.047,2
GrayScott-f0.0100-k0.0560-00.gif,0.01,0.056,1
GrayScott-f0.0270-k0.0460-00.gif,0.027,0.046,0
GrayScott-f0.0150-k0.0520-00.gif,0.015,0.052,4
GrayScott-f0.0310-k0.0670-00.gif,0.031,0.067,1
GrayScott-f0.0350-k0.0490-00.gif,0.035,0.049,2
GrayScott-f0.0110-k0.0500-00.gif,0.011,0.05,4
GrayScott-f0.0250-k0.0440-00.gif,0.025,0.044,0
GrayScott-f0.0350-k0.0480-00.gif,0.035,0.048,2
GrayScott-f0.0160-k0.0570-00.gif,0.016,0.057,1
GrayScott-f0.0400-k0.0440-00.gif,0.04,0.044,0
GrayScott-f0.0430-k0.0450-00.gif,0.043,0.045,0
GrayScott-f0.0420-k0.0610-00.gif,0.042,0.061,5
GrayScott-f0.0470-k0.0400-00.gif,0.047,0.04,0
GrayScott-f0.0360-k0.0510-00.gif,0.036,0.051,2
GrayScott-f0.0540-k0.0670-00.gif,0.054,0.067,1
GrayScott-f0.0480-k0.0450-00.gif,0.048,0.045,0
GrayScott-f0.0570-k0.0430-00.gif,0.057,0.043,0
GrayScott-f0.0180-k0.0690-00.gif,0.018,0.069,1
GrayScott-f0.0480-k0.0500-00.gif,0.048,0.05,2
GrayScott-f0.0210-k0.0620-00.gif,0.021,0.062,1
GrayScott-f0.0260-k0.0610-00.gif,0.026,0.061,1
GrayScott-f0.0590-k0.0540-00.gif,0.059,0.054,3
GrayScott-f0.0270-k0.0480-00.gif,0.027,0.048,2
GrayScott-f0.0170-k0.0490-00.gif,0.017,0.049,4
GrayScott-f0.0520-k0.0480-00.gif,0.052,0.048,2
GrayScott-f0.0230-k0.0610-00.gif,0.023,0.061,1
GrayScott-f0.0480-k0.0640-00.gif,0.048,0.064,1
GrayScott-f0.0430-k0.0660-00.gif,0.043,0.066,1
GrayScott-f0.0210-k0.0680-00.gif,0.021,0.068,1
GrayScott-f0.0510-k0.0590-00.gif,0.051,0.059,5
GrayScott-f0.0470-k0.0410-00.gif,0.047,0.041,0
GrayScott-f0.0260-k0.0400-00.gif,0.026,0.04,0
GrayScott-f0.0490-k0.0560-00.gif,0.049,0.056,3
GrayScott-f0.0360-k0.0650-00.gif,0.036,0.065,1
GrayScott-f0.0470-k0.0540-00.gif,0.047,0.054,3
GrayScott-f0.0420-k0.0570-00.gif,0.042,0.057,5
GrayScott-f0.0490-k0.0490-00.gif,0.049,0.049,2
GrayScott-f0.0560-k0.0480-00.gif,0.056,0.048,2
GrayScott-f0.0430-k0.0670-00.gif,0.043,0.067,1
GrayScott-f0.0120-k0.0620-00.gif,0.012,0.062,1
GrayScott-f0.0170-k0.0430-00.gif,0.017,0.043,0
GrayScott-f0.0220-k0.0590-00.gif,0.022,0.059,1
GrayScott-f0.0200-k0.0570-00.gif,0.02,0.057,1
GrayScott-f0.0120-k0.0400-00.gif,0.012,0.04,4
GrayScott-f0.0240-k0.0420-00.gif,0.024,0.042,0
GrayScott-f0.0250-k0.0610-00.gif,0.025,0.061,1
GrayScott-f0.0530-k0.0450-00.gif,0.053,0.045,2
GrayScott-f0.0250-k0.0420-00.gif,0.025,0.042,0
GrayScott-f0.0310-k0.0400-00.gif,0.031,0.04,0
GrayScott-f0.0350-k0.0690-00.gif,0.035,0.069,1
GrayScott-f0.0380-k0.0590-00.gif,0.038,0.059,5
GrayScott-f0.0110-k0.0560-00.gif,0.011,0.056,1
GrayScott-f0.0230-k0.0410-00.gif,0.023,0.041,0
GrayScott-f0.0160-k0.0430-00.gif,0.016,0.043,4
GrayScott-f0.0140-k0.0500-00.gif,0.014,0.05,4
GrayScott-f0.0280-k0.0640-00.gif,0.028,0.064,1
GrayScott-f0.0340-k0.0570-00.gif,0.034,0.057,5
GrayScott-f0.0250-k0.0600-00.gif,0.025,0.06,1
GrayScott-f0.0350-k0.0680-00.gif,0.035,0.068,1
GrayScott-f0.0430-k0.0630-00.gif,0.043,0.063,1
GrayScott-f0.0340-k0.0600-00.gif,0.034,0.06,5
GrayScott-f0.0320-k0.0660-00.gif,0.032,0.066,1
GrayScott-f0.0430-k0.0440-00.gif,0.043,0.044,0
GrayScott-f0.0120-k0.0470-00.gif,0.012,0.047,4
GrayScott-f0.0380-k0.0560-00.gif,0.038,0.056,3
GrayScott-f0.0480-k0.0580-00.gif,0.048,0.058,5
GrayScott-f0.0200-k0.0680-00.gif,0.02,0.068,1
GrayScott-f0.0100-k0.0690-00.gif,0.01,0.069,1
GrayScott-f0.0380-k0.0660-00.gif,0.038,0.066,1
GrayScott-f0.0140-k0.0410-00.gif,0.014,0.041,4
GrayScott-f0.0510-k0.0450-00.gif,0.051,0.045,2
GrayScott-f0.0410-k0.0420-00.gif,0.041,0.042,0
GrayScott-f0.0260-k0.0530-00.gif,0.026,0.053,3
GrayScott-f0.0280-k0.0510-00.gif,0.028,0.051,2
GrayScott-f0.0220-k0.0680-00.gif,0.022,0.068,1
GrayScott-f0.0400-k0.0530-00.gif,0.04,0.053,3
GrayScott-f0.0150-k0.0560-00.gif,0.015,0.056,1
GrayScott-f0.0170-k0.0670-00.gif,0.017,0.067,1
GrayScott-f0.0350-k0.0540-00.gif,0.035,0.054,3
GrayScott-f0.0490-k0.0510-00.gif,0.049,0.051,2
GrayScott-f0.0530-k0.0550-00.gif,0.053,0.055,3
GrayScott-f0.0230-k0.0650-00.gif,0.023,0.065,1
GrayScott-f0.0400-k0.0450-00.gif,0.04,0.045,0
GrayScott-f0.0100-k0.0520-00.gif,0.01,0.052,1
GrayScott-f0.0470-k0.0450-00.gif,0.047,0.045,0
GrayScott-f0.0110-k0.0450-00.gif,0.011,0.045,4
GrayScott-f0.0160-k0.0510-00.gif,0.016,0.051,4
GrayScott-f0.0190-k0.0430-00.gif,0.019,0.043,0
GrayScott-f0.0580-k0.0670-00.gif,0.058,0.067,1
GrayScott-f0.0110-k0.0470-00.gif,0.011,0.047,4
GrayScott-f0.0250-k0.0460-00.gif,0.025,0.046,0
GrayScott-f0.0340-k0.0560-00.gif,0.034,0.056,3
GrayScott-f0.0450-k0.0690-00.gif,0.045,0.069,1
GrayScott-f0.0400-k0.0670-00.gif,0.04,0.067,1
GrayScott-f0.0150-k0.0530-00.gif,0.015,0.053,4
GrayScott-f0.0580-k0.0620-00.gif,0.058,0.062,1
GrayScott-f0.0200-k0.0620-00.gif,0.02,0.062,1
GrayScott-f0.0460-k0.0430-00.gif,0.046,0.043,0
GrayScott-f0.0270-k0.0530-00.gif,0.027,0.053,3
GrayScott-f0.0140-k0.0520-00.gif,0.014,0.052,4
GrayScott-f0.0590-k0.0460-00.gif,0.059,0.046,2
GrayScott-f0.0350-k0.0430-00.gif,0.035,0.043,0
GrayScott-f0.0540-k0.0690-00.gif,0.054,0.069,1
GrayScott-f0.0140-k0.0680-00.gif,0.014,0.068,1
GrayScott-f0.0380-k0.0430-00.gif,0.038,0.043,0
GrayScott-f0.0330-k0.0620-00.gif,0.033,0.062,1
GrayScott-f0.0400-k0.0540-00.gif,0.04,0.054,3
GrayScott-f0.0250-k0.0410-00.gif,0.025,0.041,0
GrayScott-f0.0110-k0.0680-00.gif,0.011,0.068,1
GrayScott-f0.0500-k0.0550-00.gif,0.05,0.055,3
GrayScott-f0.0160-k0.0660-00.gif,0.016,0.066,1
GrayScott-f0.0130-k0.0630-00.gif,0.013,0.063,1
GrayScott-f0.0230-k0.0520-00.gif,0.023,0.052,4
GrayScott-f0.0410-k0.0560-00.gif,0.041,0.056,3
GrayScott-f0.0220-k0.0660-00.gif,0.022,0.066,1
GrayScott-f0.0180-k0.0570-00.gif,0.018,0.057,1
GrayScott-f0.0260-k0.0670-00.gif,0.026,0.067,1
GrayScott-f0.0360-k0.0540-00.gif,0.036,0.054,3
GrayScott-f0.0110-k0.0640-00.gif,0.011,0.064,1
GrayScott-f0.0350-k0.0530-00.gif,0.035,0.053,3
GrayScott-f0.0590-k0.0660-00.gif,0.059,0.066,1
GrayScott-f0.0220-k0.0570-00.gif,0.022,0.057,5
GrayScott-f0.0430-k0.0500-00.gif,0.043,0.05,2
GrayScott-f0.0560-k0.0580-00.gif,0.056,0.058,5
GrayScott-f0.0200-k0.0500-00.gif,0.02,0.05,4
GrayScott-f0.0220-k0.0460-00.gif,0.022,0.046,0
GrayScott-f0.0570-k0.0450-00.gif,0.057,0.045,2
GrayScott-f0.0400-k0.0480-00.gif,0.04,0.048,2
GrayScott-f0.0240-k0.0640-00.gif,0.024,0.064,1
GrayScott-f0.0320-k0.0480-00.gif,0.032,0.048,2
GrayScott-f0.0160-k0.0400-00.gif,0.016,0.04,0
GrayScott-f0.0250-k0.0590-00.gif,0.025,0.059,1
GrayScott-f0.0590-k0.0570-00.gif,0.059,0.057,5
GrayScott-f0.0320-k0.0550-00.gif,0.032,0.055,3
GrayScott-f0.0250-k0.0510-00.gif,0.025,0.051,2
GrayScott-f0.0480-k0.0520-00.gif,0.048,0.052,3
GrayScott-f0.0320-k0.0400-00.gif,0.032,0.04,0
GrayScott-f0.0530-k0.0640-00.gif,0.053,0.064,1
GrayScott-f0.0170-k0.0630-00.gif,0.017,0.063,1
GrayScott-f0.0320-k0.0630-00.gif,0.032,0.063,1
GrayScott-f0.0300-k0.0470-00.gif,0.03,0.047,0
GrayScott-f0.0460-k0.0530-00.gif,0.046,0.053,3
GrayScott-f0.0490-k0.0450-00.gif,0.049,0.045,0
GrayScott-f0.0360-k0.0610-00.gif,0.036,0.061,1
GrayScott-f0.0380-k0.0550-00.gif,0.038,0.055,3
GrayScott-f0.0170-k0.0570-00.gif,0.017,0.057,1
GrayScott-f0.0480-k0.0570-00.gif,0.048,0.057,5
GrayScott-f0.0560-k0.0420-00.gif,0.056,0.042,0
GrayScott-f0.0490-k0.0520-00.gif,0.049,0.052,3
GrayScott-f0.0270-k0.0680-00.gif,0.027,0.068,1
GrayScott-f0.0240-k0.0630-00.gif,0.024,0.063,1
GrayScott-f0.0170-k0.0580-00.gif,0.017,0.058,1
GrayScott-f0.0270-k0.0620-00.gif,0.027,0.062,1
GrayScott-f0.0510-k0.0440-00.gif,0.051,0.044,0
GrayScott-f0.0190-k0.0580-00.gif,0.019,0.058,1
GrayScott-f0.0260-k0.0640-00.gif,0.026,0.064,1
GrayScott-f0.0360-k0.0670-00.gif,0.036,0.067,1
GrayScott-f0.0300-k0.0580-00.gif,0.03,0.058,5
GrayScott-f0.0270-k0.0560-00.gif,0.027,0.056,5
GrayScott-f0.0240-k0.0690-00.gif,0.024,0.069,1
GrayScott-f0.0340-k0.0500-00.gif,0.034,0.05,2
GrayScott-f0.0110-k0.0460-00.gif,0.011,0.046,4
GrayScott-f0.0500-k0.0510-00.gif,0.05,0.051,2
GrayScott-f0.0520-k0.0410-00.gif,0.052,0.041,0
GrayScott-f0.0420-k0.0680-00.gif,0.042,0.068,1
GrayScott-f0.0140-k0.0560-00.gif,0.014,0.056,1
GrayScott-f0.0200-k0.0520-00.gif,0.02,0.052,4
GrayScott-f0.0540-k0.0420-00.gif,0.054,0.042,0
GrayScott-f0.0190-k0.0630-00.gif,0.019,0.063,1
GrayScott-f0.0450-k0.0640-00.gif,0.045,0.064,1
GrayScott-f0.0520-k0.0400-00.gif,0.052,0.04,0
GrayScott-f0.0570-k0.0570-00.gif,0.057,0.057,5
GrayScott-f0.0400-k0.0550-00.gif,0.04,0.055,3
GrayScott-f0.0340-k0.0630-00.gif,0.034,0.063,1
GrayScott-f0.0580-k0.0500-00.gif,0.058,0.05,2
GrayScott-f0.0170-k0.0620-00.gif,0.017,0.062,1
GrayScott-f0.0210-k0.0660-00.gif,0.021,0.066,1
GrayScott-f0.0590-k0.0450-00.gif,0.059,0.045,2
GrayScott-f0.0190-k0.0420-00.gif,0.019,0.042,0
GrayScott-f0.0230-k0.0660-00.gif,0.023,0.066,1
GrayScott-f0.0410-k0.0650-00.gif,0.041,0.065,1
GrayScott-f0.0330-k0.0670-00.gif,0.033,0.067,1
GrayScott-f0.0240-k0.0680-00.gif,0.024,0.068,1
GrayScott-f0.0130-k0.0590-00.gif,0.013,0.059,1
GrayScott-f0.0470-k0.0550-00.gif,0.047,0.055,3
GrayScott-f0.0550-k0.0650-00.gif,0.055,0.065,1
GrayScott-f0.0280-k0.0400-00.gif,0.028,0.04,0
GrayScott-f0.0330-k0.0630-00.gif,0.033,0.063,1
GrayScott-f0.0210-k0.0570-00.gif,0.021,0.057,5
GrayScott-f0.0190-k0.0410-00.gif,0.019,0.041,0
GrayScott-f0.0410-k0.0500-00.gif,0.041,0.05,2
GrayScott-f0.0570-k0.0630-00.gif,0.057,0.063,1
GrayScott-f0.0250-k0.0670-00.gif,0.025,0.067,1
GrayScott-f0.0160-k0.0500-00.gif,0.016,0.05,4
GrayScott-f0.0460-k0.0400-00.gif,0.046,0.04,0
GrayScott-f0.0190-k0.0440-00.gif,0.019,0.044,0
GrayScott-f0.0400-k0.0510-00.gif,0.04,0.051,2
GrayScott-f0.0280-k0.0610-00.gif,0.028,0.061,1
GrayScott-f0.0170-k0.0530-00.gif,0.017,0.053,4
GrayScott-f0.0190-k0.0500-00.gif,0.019,0.05,4
GrayScott-f0.0200-k0.0590-00.gif,0.02,0.059,1
GrayScott-f0.0100-k0.0510-00.gif,0.01,0.051,1
GrayScott-f0.0590-k0.0550-00.gif,0.059,0.055,3
GrayScott-f0.0210-k0.0640-00.gif,0.021,0.064,1
GrayScott-f0.0280-k0.0530-00.gif,0.028,0.053,3
GrayScott-f0.0470-k0.0610-00.gif,0.047,0.061,5
GrayScott-f0.0100-k0.0450-00.gif,0.01,0.045,4
GrayScott-f0.0300-k0.0530-00.gif,0.03,0.053,3
GrayScott-f0.0450-k0.0650-00.gif,0.045,0.065,1
GrayScott-f0.0430-k0.0510-00.gif,0.043,0.051,2
GrayScott-f0.0480-k0.0550-00.gif,0.048,0.055,3
GrayScott-f0.0420-k0.0520-00.gif,0.042,0.052,2
GrayScott-f0.0160-k0.0690-00.gif,0.016,0.069,1
GrayScott-f0.0290-k0.0670-00.gif,0.029,0.067,1
GrayScott-f0.0540-k0.0510-00.gif,0.054,0.051,3
GrayScott-f0.0200-k0.0490-00.gif,0.02,0.049,4
GrayScott-f0.0440-k0.0690-00.gif,0.044,0.069,1
GrayScott-f0.0290-k0.0510-00.gif,0.029,0.051,2
GrayScott-f0.0240-k0.0490-00.gif,0.024,0.049,2
GrayScott-f0.0490-k0.0470-00.gif,0.049,0.047,2
GrayScott-f0.0510-k0.0640-00.gif,0.051,0.064,1
GrayScott-f0.0100-k0.0630-00.gif,0.01,0.063,1
GrayScott-f0.0340-k0.0510-00.gif,0.034,0.051,2
GrayScott-f0.0510-k0.0600-00.gif,0.051,0.06,5
GrayScott-f0.0100-k0.0590-00.gif,0.01,0.059,1
GrayScott-f0.0530-k0.0510-00.gif,0.053,0.051,3
GrayScott-f0.0160-k0.0520-00.gif,0.016,0.052,4
GrayScott-f0.0340-k0.0590-00.gif,0.034,0.059,5
GrayScott-f0.0320-k0.0420-00.gif,0.032,0.042,0
GrayScott-f0.0530-k0.0460-00.gif,0.053,0.046,2
GrayScott-f0.0520-k0.0440-00.gif,0.052,0.044,0
GrayScott-f0.0290-k0.0520-00.gif,0.029,0.052,2
GrayScott-f0.0400-k0.0620-00.gif,0.04,0.062,1
GrayScott-f0.0250-k0.0690-00.gif,0.025,0.069,1
GrayScott-f0.0260-k0.0420-00.gif,0.026,0.042,0
GrayScott-f0.0420-k0.0500-00.gif,0.042,0.05,2
GrayScott-f0.0290-k0.0580-00.gif,0.029,0.058,5
GrayScott-f0.0330-k0.0500-00.gif,0.033,0.05,2
GrayScott-f0.0450-k0.0630-00.gif,0.045,0.063,1
GrayScott-f0.0120-k0.0500-00.gif,0.012,0.05,4
GrayScott-f0.0440-k0.0460-00.gif,0.044,0.046,0
GrayScott-f0.0470-k0.0520-00.gif,0.047,0.052,3
GrayScott-f0.0300-k0.0480-00.gif,0.03,0.048,2
GrayScott-f0.0490-k0.0530-00.gif,0.049,0.053,3
GrayScott-f0.0250-k0.0630-00.gif,0.025,0.063,1
GrayScott-f0.0530-k0.0410-00.gif,0.053,0.041,0
GrayScott-f0.0100-k0.0580-00.gif,0.01,0.058,1
GrayScott-f0.0410-k0.0530-00.gif,0.041,0.053,3
GrayScott-f0.0340-k0.0410-00.gif,0.034,0.041,0
GrayScott-f0.0590-k0.0670-00.gif,0.059,0.067,1
GrayScott-f0.0550-k0.0450-00.gif,0.055,0.045,2
GrayScott-f0.0200-k0.0420-00.gif,0.02,0.042,0
GrayScott-f0.0430-k0.0420-00.gif,0.043,0.042,0
GrayScott-f0.0240-k0.0440-00.gif,0.024,0.044,0
GrayScott-f0.0540-k0.0650-00.gif,0.054,0.065,1
GrayScott-f0.0100-k0.0670-00.gif,0.01,0.067,1
GrayScott-f0.0310-k0.0500-00.gif,0.031,0.05,2
GrayScott-f0.0160-k0.0620-00.gif,0.016,0.062,1
GrayScott-f0.0280-k0.0590-00.gif,0.028,0.059,5
GrayScott-f0.0480-k0.0400-00.gif,0.048,0.04,0
GrayScott-f0.0510-k0.0550-00.gif,0.051,0.055,3
GrayScott-f0.0330-k0.0550-00.gif,0.033,0.055,3
GrayScott-f0.0470-k0.0600-00.gif,0.047,0.06,5
GrayScott-f0.0580-k0.0690-00.gif,0.058,0.069,1
GrayScott-f0.0470-k0.0570-00.gif,0.047,0.057,5
GrayScott-f0.0460-k0.0490-00.gif,0.046,0.049,2
GrayScott-f0.0120-k0.0420-00.gif,0.012,0.042,4
GrayScott-f0.0570-k0.0680-00.gif,0.057,0.068,1
GrayScott-f0.0580-k0.0610-00.gif,0.058,0.061,1
GrayScott-f0.0590-k0.0600-00.gif,0.059,0.06,5
GrayScott-f0.0580-k0.0470-00.gif,0.058,0.047,2
GrayScott-f0.0490-k0.0500-00.gif,0.049,0.05,2
GrayScott-f0.0440-k0.0530-00.gif,0.044,0.053,3
GrayScott-f0.0130-k0.0540-00.gif,0.013,0.054,1
GrayScott-f0.0380-k0.0490-00.gif,0.038,0.049,2
GrayScott-f0.0470-k0.0640-00.gif,0.047,0.064,1
GrayScott-f0.0520-k0.0680-00.gif,0.052,0.068,1
GrayScott-f0.0330-k0.0420-00.gif,0.033,0.042,0
GrayScott-f0.0380-k0.0450-00.gif,0.038,0.045,0
GrayScott-f0.0260-k0.0480-00.gif,0.026,0.048,2
GrayScott-f0.0570-k0.0580-00.gif,0.057,0.058,5
GrayScott-f0.0230-k0.0680-00.gif,0.023,0.068,1
GrayScott-f0.0580-k0.0550-00.gif,0.058,0.055,3
GrayScott-f0.0370-k0.0650-00.gif,0.037,0.065,1
GrayScott-f0.0260-k0.0430-00.gif,0.026,0.043,0
GrayScott-f0.0260-k0.0580-00.gif,0.026,0.058,5
GrayScott-f0.0260-k0.0560-00.gif,0.026,0.056,5
GrayScott-f0.0260-k0.0540-00.gif,0.026,0.054,3
GrayScott-f0.0360-k0.0620-00.gif,0.036,0.062,1
GrayScott-f0.0150-k0.0680-00.gif,0.015,0.068,1
GrayScott-f0.0270-k0.0550-00.gif,0.027,0.055,4
GrayScott-f0.0380-k0.0440-00.gif,0.038,0.044,0
GrayScott-f0.0510-k0.0480-00.gif,0.051,0.048,2
GrayScott-f0.0380-k0.0400-00.gif,0.038,0.04,0
GrayScott-f0.0460-k0.0570-00.gif,0.046,0.057,5
GrayScott-f0.0570-k0.0530-00.gif,0.057,0.053,3
GrayScott-f0.0470-k0.0500-00.gif,0.047,0.05,2
GrayScott-f0.0310-k0.0660-00.gif,0.031,0.066,1
GrayScott-f0.0190-k0.0680-00.gif,0.019,0.068,1
GrayScott-f0.0460-k0.0690-00.gif,0.046,0.069,1
GrayScott-f0.0490-k0.0430-00.gif,0.049,0.043,0
GrayScott-f0.0410-k0.0540-00.gif,0.041,0.054,3
GrayScott-f0.0500-k0.0600-00.gif,0.05,0.06,5
GrayScott-f0.0390-k0.0480-00.gif,0.039,0.048,2
GrayScott-f0.0400-k0.0580-00.gif,0.04,0.058,5
GrayScott-f0.0280-k0.0680-00.gif,0.028,0.068,1
GrayScott-f0.0530-k0.0690-00.gif,0.053,0.069,1
GrayScott-f0.0390-k0.0430-00.gif,0.039,0.043,0
GrayScott-f0.0140-k0.0510-00.gif,0.014,0.051,4
GrayScott-f0.0500-k0.0530-00.gif,0.05,0.053,3
GrayScott-f0.0400-k0.0400-00.gif,0.04,0.04,0
GrayScott-f0.0290-k0.0640-00.gif,0.029,0.064,1
GrayScott-f0.0360-k0.0440-00.gif,0.036,0.044,0
GrayScott-f0.0370-k0.0460-00.gif,0.037,0.046,0
GrayScott-f0.0220-k0.0500-00.gif,0.022,0.05,4
GrayScott-f0.0460-k0.0660-00.gif,0.046,0.066,1
GrayScott-f0.0170-k0.0410-00.gif,0.017,0.041,0
GrayScott-f0.0290-k0.0560-00.gif,0.029,0.056,5
GrayScott-f0.0420-k0.0460-00.gif,0.042,0.046,0
GrayScott-f0.0280-k0.0600-00.gif,0.028,0.06,1
GrayScott-f0.0470-k0.0480-00.gif,0.047,0.048,2
GrayScott-f0.0570-k0.0460-00.gif,0.057,0.046,2
GrayScott-f0.0560-k0.0430-00.gif,0.056,0.043,0
GrayScott-f0.0520-k0.0430-00.gif,0.052,0.043,0
GrayScott-f0.0560-k0.0500-00.gif,0.056,0.05,2
GrayScott-f0.0330-k0.0610-00.gif,0.033,0.061,1
GrayScott-f0.0100-k0.0610-00.gif,0.01,0.061,1
GrayScott-f0.0290-k0.0590-00.gif,0.029,0.059,5
GrayScott-f0.0390-k0.0670-00.gif,0.039,0.067,1
GrayScott-f0.0430-k0.0560-00.gif,0.043,0.056,3
GrayScott-f0.0110-k0.0410-00.gif,0.011,0.041,4
GrayScott-f0.0590-k0.0530-00.gif,0.059,0.053,3
GrayScott-f0.0440-k0.0440-00.gif,0.044,0.044,0
GrayScott-f0.0220-k0.0620-00.gif,0.022,0.062,1
GrayScott-f0.0260-k0.0510-00.gif,0.026,0.051,2
GrayScott-f0.0490-k0.0650-00.gif,0.049,0.065,1
GrayScott-f0.0570-k0.0670-00.gif,0.057,0.067,1
GrayScott-f0.0190-k0.0450-00.gif,0.019,0.045,0
GrayScott-f0.0500-k0.0650-00.gif,0.05,0.065,1
GrayScott-f0.0450-k0.0570-00.gif,0.045,0.057,5
GrayScott-f0.0460-k0.0540-00.gif,0.046,0.054,3
GrayScott-f0.0200-k0.0580-00.gif,0.02,0.058,1
GrayScott-f0.0480-k0.0420-00.gif,0.048,0.042,0
GrayScott-f0.0320-k0.0440-00.gif,0.032,0.044,0
GrayScott-f0.0170-k0.0510-00.gif,0.017,0.051,4
GrayScott-f0.0560-k0.0670-00.gif,0.056,0.067,1
GrayScott-f0.0230-k0.0690-00.gif,0.023,0.069,1
GrayScott-f0.0570-k0.0510-00.gif,0.057,0.051,3
GrayScott-f0.0130-k0.0450-00.gif,0.013,0.045,4
GrayScott-f0.0410-k0.0460-00.gif,0.041,0.046,0
GrayScott-f0.0410-k0.0590-00.gif,0.041,0.059,5
GrayScott-f0.0440-k0.0450-00.gif,0.044,0.045,0
GrayScott-f0.0540-k0.0490-00.gif,0.054,0.049,2
GrayScott-f0.0120-k0.0600-00.gif,0.012,0.06,1
GrayScott-f0.0310-k0.0680-00.gif,0.031,0.068,1
GrayScott-f0.0480-k0.0540-00.gif,0.048,0.054,3
GrayScott-f0.0140-k0.0450-00.gif,0.014,0.045,4
GrayScott-f0.0270-k0.0520-00.gif,0.027,0.052,3
GrayScott-f0.0330-k0.0410-00.gif,0.033,0.041,0
GrayScott-f0.0350-k0.0660-00.gif,0.035,0.066,1
GrayScott-f0.0520-k0.0670-00.gif,0.052,0.067,1
GrayScott-f0.0140-k0.0400-00.gif,0.014,0.04,4
GrayScott-f0.0120-k0.0630-00.gif,0.012,0.063,1
GrayScott-f0.0300-k0.0570-00.gif,0.03,0.057,5
GrayScott-f0.0360-k0.0490-00.gif,0.036,0.049,2
GrayScott-f0.0270-k0.0670-00.gif,0.027,0.067,1
GrayScott-f0.0510-k0.0460-00.gif,0.051,0.046,2
GrayScott-f0.0250-k0.0400-00.gif,0.025,0.04,0
GrayScott-f0.0500-k0.0480-00.gif,0.05,0.048,2
GrayScott-f0.0440-k0.0660-00.gif,0.044,0.066,1
GrayScott-f0.0190-k0.0670-00.gif,0.019,0.067,1
GrayScott-f0.0240-k0.0600-00.gif,0.024,0.06,1
GrayScott-f0.0470-k0.0670-00.gif,0.047,0.067,1
GrayScott-f0.0110-k0.0670-00.gif,0.011,0.067,1
GrayScott-f0.0200-k0.0450-00.gif,0.02,0.045,0
GrayScott-f0.0280-k0.0520-00.gif,0.028,0.052,2
GrayScott-f0.0200-k0.0640-00.gif,0.02,0.064,1
GrayScott-f0.0500-k0.0450-00.gif,0.05,0.045,2
GrayScott-f0.0510-k0.0410-00.gif,0.051,0.041,0
GrayScott-f0.0510-k0.0690-00.gif,0.051,0.069,1
GrayScott-f0.0110-k0.0650-00.gif,0.011,0.065,1
GrayScott-f0.0540-k0.0530-00.gif,0.054,0.053,3
GrayScott-f0.0330-k0.0520-00.gif,0.033,0.052,2
GrayScott-f0.0300-k0.0510-00.gif,0.03,0.051,2
GrayScott-f0.0270-k0.0500-00.gif,0.027,0.05,2
GrayScott-f0.0480-k0.0530-00.gif,0.048,0.053,3
GrayScott-f0.0120-k0.0460-00.gif,0.012,0.046,4
GrayScott-f0.0260-k0.0470-00.gif,0.026,0.047,0
GrayScott-f0.0330-k0.0540-00.gif,0.033,0.054,3
GrayScott-f0.0110-k0.0580-00.gif,0.011,0.058,1
GrayScott-f0.0340-k0.0480-00.gif,0.034,0.048,2
GrayScott-f0.0110-k0.0660-00.gif,0.011,0.066,1
GrayScott-f0.0130-k0.0500-00.gif,0.013,0.05,4
GrayScott-f0.0360-k0.0570-00.gif,0.036,0.057,5
GrayScott-f0.0470-k0.0470-00.gif,0.047,0.047,2
GrayScott-f0.0150-k0.0660-00.gif,0.015,0.066,1
GrayScott-f0.0130-k0.0550-00.gif,0.013,0.055,1
GrayScott-f0.0400-k0.0500-00.gif,0.04,0.05,2
GrayScott-f0.0220-k0.0600-00.gif,0.022,0.06,1
GrayScott-f0.0540-k0.0580-00.gif,0.054,0.058,5
GrayScott-f0.0480-k0.0510-00.gif,0.048,0.051,2
GrayScott-f0.0220-k0.0510-00.gif,0.022,0.051,4
GrayScott-f0.0530-k0.0500-00.gif,0.053,0.05,2
GrayScott-f0.0110-k0.0530-00.gif,0.011,0.053,1
GrayScott-f0.0110-k0.0570-00.gif,0.011,0.057,1
GrayScott-f0.0530-k0.0470-00.gif,0.053,0.047,2
GrayScott-f0.0510-k0.0540-00.gif,0.051,0.054,3
GrayScott-f0.0480-k0.0480-00.gif,0.048,0.048,2
GrayScott-f0.0450-k0.0510-00.gif,0.045,0.051,2
GrayScott-f0.0580-k0.0410-00.gif,0.058,0.041,0
GrayScott-f0.0250-k0.0480-00.gif,0.025,0.048,2
GrayScott-f0.0400-k0.0680-00.gif,0.04,0.068,1
GrayScott-f0.0440-k0.0650-00.gif,0.044,0.065,1
GrayScott-f0.0320-k0.0610-00.gif,0.032,0.061,1
GrayScott-f0.0460-k0.0670-00.gif,0.046,0.067,1
GrayScott-f0.0450-k0.0660-00.gif,0.045,0.066,1
GrayScott-f0.0560-k0.0460-00.gif,0.056,0.046,2
GrayScott-f0.0220-k0.0420-00.gif,0.022,0.042,0
GrayScott-f0.0450-k0.0440-00.gif,0.045,0.044,0
GrayScott-f0.0170-k0.0650-00.gif,0.017,0.065,1
GrayScott-f0.0270-k0.0540-00.gif,0.027,0.054,3
GrayScott-f0.0240-k0.0660-00.gif,0.024,0.066,1
GrayScott-f0.0350-k0.0500-00.gif,0.035,0.05,2
GrayScott-f0.0270-k0.0630-00.gif,0.027,0.063,1
GrayScott-f0.0360-k0.0680-00.gif,0.036,0.068,1
GrayScott-f0.0520-k0.0530-00.gif,0.052,0.053,3
GrayScott-f0.0210-k0.0670-00.gif,0.021,0.067,1
GrayScott-f0.0130-k0.0460-00.gif,0.013,0.046,4
GrayScott-f0.0300-k0.0500-00.gif,0.03,0.05,2
GrayScott-f0.0590-k0.0430-00.gif,0.059,0.043,0
GrayScott-f0.0220-k0.0550-00.gif,0.022,0.055,5
GrayScott-f0.0230-k0.0450-00.gif,0.023,0.045,0
GrayScott-f0.0440-k0.0680-00.gif,0.044,0.068,1
GrayScott-f0.0110-k0.0440-00.gif,0.011,0.044,4
GrayScott-f0.0390-k0.0550-00.gif,0.039,0.055,3
GrayScott-f0.0470-k0.0590-00.gif,0.047,0.059,5
GrayScott-f0.0500-k0.0670-00.gif,0.05,0.067,1
GrayScott-f0.0540-k0.0630-00.gif,0.054,0.063,1
GrayScott-f0.0500-k0.0620-00.gif,0.05,0.062,1
GrayScott-f0.0100-k0.0660-00.gif,0.01,0.066,1
GrayScott-f0.0320-k0.0570-00.gif,0.032,0.057,5
GrayScott-f0.0520-k0.0570-00.gif,0.052,0.057,5
GrayScott-f0.0560-k0.0540-00.gif,0.056,0.054,3
GrayScott-f0.0310-k0.0540-00.gif,0.031,0.054,3
GrayScott-f0.0260-k0.0570-00.gif,0.026,0.057,5
GrayScott-f0.0400-k0.0590-00.gif,0.04,0.059,5
GrayScott-f0.0340-k0.0670-00.gif,0.034,0.067,1
GrayScott-f0.0530-k0.0590-00.gif,0.053,0.059,5
GrayScott-f0.0300-k0.0640-00.gif,0.03,0.064,1
GrayScott-f0.0210-k0.0590-00.gif,0.021,0.059,1
GrayScott-f0.0150-k0.0540-00.gif,0.015,0.054,1
GrayScott-f0.0360-k0.0690-00.gif,0.036,0.069,1
GrayScott-f0.0450-k0.0410-00.gif,0.045,0.041,0
GrayScott-f0.0360-k0.0580-00.gif,0.036,0.058,5
GrayScott-f0.0120-k0.0650-00.gif,0.012,0.065,1
GrayScott-f0.0420-k0.0480-00.gif,0.042,0.048,2
GrayScott-f0.0240-k0.0560-00.gif,0.024,0.056,5
GrayScott-f0.0240-k0.0610-00.gif,0.024,0.061,1
GrayScott-f0.0270-k0.0470-00.gif,0.027,0.047,0
GrayScott-f0.0420-k0.0580-00.gif,0.042,0.058,5
GrayScott-f0.0270-k0.0400-00.gif,0.027,0.04,0
GrayScott-f0.0580-k0.0430-00.gif,0.058,0.043,0
GrayScott-f0.0570-k0.0540-00.gif,0.057,0.054,3
GrayScott-f0.0390-k0.0440-00.gif,0.039,0.044,0
GrayScott-f0.0260-k0.0590-00.gif,0.026,0.059,1
GrayScott-f0.0290-k0.0690-00.gif,0.029,0.069,1
GrayScott-f0.0280-k0.0650-00.gif,0.028,0.065,1
GrayScott-f0.0520-k0.0500-00.gif,0.052,0.05,2
GrayScott-f0.0460-k0.0450-00.gif,0.046,0.045,0
GrayScott-f0.0380-k0.0580-00.gif,0.038,0.058,5
GrayScott-f0.0550-k0.0550-00.gif,0.055,0.055,3
GrayScott-f0.0240-k0.0470-00.gif,0.024,0.047,0
GrayScott-f0.0370-k0.0690-00.gif,0.037,0.069,1
GrayScott-f0.0400-k0.0420-00.gif,0.04,0.042,0
GrayScott-f0.0450-k0.0680-00.gif,0.045,0.068,1
GrayScott-f0.0230-k0.0560-00.gif,0.023,0.056,5
GrayScott-f0.0190-k0.0690-00.gif,0.019,0.069,1
GrayScott-f0.0360-k0.0630-00.gif,0.036,0.063,1
GrayScott-f0.0210-k0.0530-00.gif,0.021,0.053,4
GrayScott-f0.0150-k0.0570-00.gif,0.015,0.057,1
GrayScott-f0.0280-k0.0580-00.gif,0.028,0.058,5
GrayScott-f0.0570-k0.0400-00.gif,0.057,0.04,0
GrayScott-f0.0490-k0.0540-00.gif,0.049,0.054,3
GrayScott-f0.0540-k0.0470-00.gif,0.054,0.047,2
GrayScott-f0.0460-k0.0590-00.gif,0.046,0.059,5
GrayScott-f0.0120-k0.0610-00.gif,0.012,0.061,1
GrayScott-f0.0270-k0.0590-00.gif,0.027,0.059,5
GrayScott-f0.0540-k0.0500-00.gif,0.054,0.05,2
GrayScott-f0.0320-k0.0460-00.gif,0.032,0.046,0
GrayScott-f0.0540-k0.0560-00.gif,0.054,0.056,5
GrayScott-f0.0540-k0.0400-00.gif,0.054,0.04,0
GrayScott-f0.0250-k0.0430-00.gif,0.025,0.043,0
GrayScott-f0.0530-k0.0400-00.gif,0.053,0.04,0
GrayScott-f0.0190-k0.0550-00.gif,0.019,0.055,5
GrayScott-f0.0280-k0.0540-00.gif,0.028,0.054,3
GrayScott-f0.0390-k0.0580-00.gif,0.039,0.058,5
GrayScott-f0.0350-k0.0560-00.gif,0.035,0.056,3
GrayScott-f0.0160-k0.0630-00.gif,0.016,0.063,1
GrayScott-f0.0380-k0.0520-00.gif,0.038,0.052,2
GrayScott-f0.0190-k0.0610-00.gif,0.019,0.061,1
GrayScott-f0.0520-k0.0460-00.gif,0.052,0.046,2
GrayScott-f0.0340-k0.0440-00.gif,0.034,0.044,0
GrayScott-f0.0390-k0.0630-00.gif,0.039,0.063,1
GrayScott-f0.0360-k0.0430-00.gif,0.036,0.043,0
GrayScott-f0.0310-k0.0610-00.gif,0.031,0.061,1
GrayScott-f0.0340-k0.0540-00.gif,0.034,0.054,3
GrayScott-f0.0370-k0.0490-00.gif,0.037,0.049,2
GrayScott-f0.0440-k0.0510-00.gif,0.044,0.051,2
GrayScott-f0.0470-k0.0680-00.gif,0.047,0.068,1
GrayScott-f0.0370-k0.0540-00.gif,0.037,0.054,3
GrayScott-f0.0160-k0.0540-00.gif,0.016,0.054,1
GrayScott-f0.0480-k0.0610-00.gif,0.048,0.061,5
GrayScott-f0.0380-k0.0680-00.gif,0.038,0.068,1
GrayScott-f0.0560-k0.0440-00.gif,0.056,0.044,2
GrayScott-f0.0150-k0.0550-00.gif,0.015,0.055,1
GrayScott-f0.0310-k0.0430-00.gif,0.031,0.043,0
GrayScott-f0.0540-k0.0660-00.gif,0.054,0.066,1
GrayScott-f0.0390-k0.0450-00.gif,0.039,0.045,0
GrayScott-f0.0550-k0.0690-00.gif,0.055,0.069,1
GrayScott-f0.0170-k0.0690-00.gif,0.017,0.069,1
GrayScott-f0.0180-k0.0550-00.gif,0.018,0.055,5
GrayScott-f0.0170-k0.0600-00.gif,0.017,0.06,1
GrayScott-f0.0130-k0.0600-00.gif,0.013,0.06,1
GrayScott-f0.0300-k0.0410-00.gif,0.03,0.041,0
GrayScott-f0.0370-k0.0400-00.gif,0.037,0.04,0
GrayScott-f0.0250-k0.0500-00.gif,0.025,0.05,2
GrayScott-f0.0240-k0.0540-00.gif,0.024,0.054,4
GrayScott-f0.0260-k0.0680-00.gif,0.026,0.068,1
GrayScott-f0.0110-k0.0430-00.gif,0.011,0.043,4
GrayScott-f0.0440-k0.0610-00.gif,0.044,0.061,5
GrayScott-f0.0310-k0.0440-00.gif,0.031,0.044,0
GrayScott-f0.0240-k0.0480-00.gif,0.024,0.048,2
GrayScott-f0.0390-k0.0510-00.gif,0.039,0.051,2
GrayScott-f0.0120-k0.0560-00.gif,0.012,0.056,1
GrayScott-f0.0180-k0.0660-00.gif,0.018,0.066,1
GrayScott-f0.0490-k0.0480-00.gif,0.049,0.048,2
GrayScott-f0.0180-k0.0530-00.gif,0.018,0.053,4
GrayScott-f0.0330-k0.0660-00.gif,0.033,0.066,1
GrayScott-f0.0560-k0.0640-00.gif,0.056,0.064,1
GrayScott-f0.0450-k0.0480-00.gif,0.045,0.048,2
GrayScott-f0.0340-k0.0470-00.gif,0.034,0.047,0
GrayScott-f0.0530-k0.0570-00.gif,0.053,0.057,5
GrayScott-f0.0500-k0.0590-00.gif,0.05,0.059,5
GrayScott-f0.0530-k0.0490-00.gif,0.053,0.049,2
GrayScott-f0.0150-k0.0690-00.gif,0.015,0.069,1
GrayScott-f0.0510-k0.0500-00.gif,0.051,0.05,2
GrayScott-f0.0580-k0.0680-00.gif,0.058,0.068,1
GrayScott-f0.0320-k0.0590-00.gif,0.032,0.059,5
GrayScott-f0.0230-k0.0600-00.gif,0.023,0.06,1
GrayScott-f0.0220-k0.0440-00.gif,0.022,0.044,0
GrayScott-f0.0130-k0.0430-00.gif,0.013,0.043,4
GrayScott-f0.0350-k0.0670-00.gif,0.035,0.067,1
GrayScott-f0.0220-k0.0640-00.gif,0.022,0.064,1
GrayScott-f0.0260-k0.0630-00.gif,0.026,0.063,1
GrayScott-f0.0250-k0.0660-00.gif,0.025,0.066,1
GrayScott-f0.0330-k0.0560-00.gif,0.033,0.056,3
GrayScott-f0.0200-k0.0660-00.gif,0.02,0.066,1
GrayScott-f0.0200-k0.0670-00.gif,0.02,0.067,1
GrayScott-f0.0210-k0.0500-00.gif,0.021,0.05,4
GrayScott-f0.0250-k0.0580-00.gif,0.025,0.058,5
GrayScott-f0.0210-k0.0550-00.gif,0.021,0.055,5
GrayScott-f0.0340-k0.0520-00.gif,0.034,0.052,2
GrayScott-f0.0370-k0.0600-00.gif,0.037,0.06,5
GrayScott-f0.0180-k0.0590-00.gif,0.018,0.059,1
GrayScott-f0.0560-k0.0560-00.gif,0.056,0.056,5
GrayScott-f0.0500-k0.0540-00.gif,0.05,0.054,3
GrayScott-f0.0200-k0.0410-00.gif,0.02,0.041,0
GrayScott-f0.0240-k0.0590-00.gif,0.024,0.059,1
GrayScott-f0.0230-k0.0620-00.gif,0.023,0.062,1
GrayScott-f0.0540-k0.0540-00.gif,0.054,0.054,3
GrayScott-f0.0370-k0.0550-00.gif,0.037,0.055,3
GrayScott-f0.0230-k0.0580-00.gif,0.023,0.058,1
GrayScott-f0.0330-k0.0510-00.gif,0.033,0.051,2
GrayScott-f0.0290-k0.0430-00.gif,0.029,0.043,0
GrayScott-f0.0230-k0.0490-00.gif,0.023,0.049,2
GrayScott-f0.0530-k0.0440-00.gif,0.053,0.044,0
GrayScott-f0.0160-k0.0470-00.gif,0.016,0.047,4
GrayScott-f0.0370-k0.0590-00.gif,0.037,0.059,5
GrayScott-f0.0410-k0.0580-00.gif,0.041,0.058,5
GrayScott-f0.0560-k0.0550-00.gif,0.056,0.055,3
GrayScott-f0.0200-k0.0560-00.gif,0.02,0.056,5
GrayScott-f0.0370-k0.0570-00.gif,0.037,0.057,5
GrayScott-f0.0410-k0.0610-00.gif,0.041,0.061,5
GrayScott-f0.0210-k0.0650-00.gif,0.021,0.065,1
GrayScott-f0.0140-k0.0670-00.gif,0.014,0.067,1
GrayScott-f0.0350-k0.0650-00.gif,0.035,0.065,1
GrayScott-f0.0120-k0.0410-00.gif,0.012,0.041,4
GrayScott-f0.0320-k0.0500-00.gif,0.032,0.05,2
GrayScott-f0.0230-k0.0640-00.gif,0.023,0.064,1
GrayScott-f0.0200-k0.0550-00.gif,0.02,0.055,5
GrayScott-f0.0560-k0.0610-00.gif,0.056,0.061,1
GrayScott-f0.0240-k0.0450-00.gif,0.024,0.045,0
GrayScott-f0.0180-k0.0400-00.gif,0.018,0.04,0
GrayScott-f0.0520-k0.0560-00.gif,0.052,0.056,3
GrayScott-f0.0290-k0.0530-00.gif,0.029,0.053,3
GrayScott-f0.0500-k0.0560-00.gif,0.05,0.056,3
GrayScott-f0.0240-k0.0620-00.gif,0.024,0.062,1
GrayScott-f0.0340-k0.0580-00.gif,0.034,0.058,5
GrayScott-f0.0520-k0.0450-00.gif,0.052,0.045,2
GrayScott-f0.0280-k0.0570-00.gif,0.028,0.057,5
GrayScott-f0.0170-k0.0440-00.gif,0.017,0.044,4
GrayScott-f0.0150-k0.0640-00.gif,0.015,0.064,1
GrayScott-f0.0360-k0.0550-00.gif,0.036,0.055,3
GrayScott-f0.0530-k0.0530-00.gif,0.053,0.053,3
GrayScott-f0.0270-k0.0510-00.gif,0.027,0.051,2
GrayScott-f0.0530-k0.0670-00.gif,0.053,0.067,1
GrayScott-f0.0310-k0.0600-00.gif,0.031,0.06,5
GrayScott-f0.0140-k0.0580-00.gif,0.014,0.058,1
GrayScott-f0.0530-k0.0680-00.gif,0.053,0.068,1
GrayScott-f0.0430-k0.0590-00.gif,0.043,0.059,5
GrayScott-f0.0510-k0.0630-00.gif,0.051,0.063,1
GrayScott-f0.0380-k0.0420-00.gif,0.038,0.042,0
GrayScott-f0.0110-k0.0400-00.gif,0.011,0.04,4
GrayScott-f0.0290-k0.0610-00.gif,0.029,0.061,1
GrayScott-f0.0120-k0.0640-00.gif,0.012,0.064,1
GrayScott-f0.0420-k0.0560-00.gif,0.042,0.056,3
GrayScott-f0.0440-k0.0500-00.gif,0.044,0.05,2
GrayScott-f0.0170-k0.0680-00.gif,0.017,0.068,1
GrayScott-f0.0500-k0.0640-00.gif,0.05,0.064,1
GrayScott-f0.0130-k0.0580-00.gif,0.013,0.058,1
GrayScott-f0.0240-k0.0460-00.gif,0.024,0.046,0
GrayScott-f0.0540-k0.0570-00.gif,0.054,0.057,5
GrayScott-f0.0570-k0.0600-00.gif,0.057,0.06,5
GrayScott-f0.0350-k0.0580-00.gif,0.035,0.058,5
GrayScott-f0.0540-k0.0590-00.gif,0.054,0.059,5
GrayScott-f0.0130-k0.0620-00.gif,0.013,0.062,1
GrayScott-f0.0120-k0.0660-00.gif,0.012,0.066,1
GrayScott-f0.0270-k0.0420-00.gif,0.027,0.042,0
GrayScott-f0.0360-k0.0500-00.gif,0.036,0.05,2
GrayScott-f0.0200-k0.0690-00.gif,0.02,0.069,1
GrayScott-f0.0130-k0.0520-00.gif,0.013,0.052,4
GrayScott-f0.0400-k0.0560-00.gif,0.04,0.056,3
GrayScott-f0.0180-k0.0600-00.gif,0.018,0.06,1
GrayScott-f0.0520-k0.0490-00.gif,0.052,0.049,2
GrayScott-f0.0310-k0.0530-00.gif,0.031,0.053,3
GrayScott-f0.0440-k0.0430-00.gif,0.044,0.043,0
GrayScott-f0.0140-k0.0620-00.gif,0.014,0.062,1
GrayScott-f0.0510-k0.0400-00.gif,0.051,0.04,0
GrayScott-f0.0480-k0.0440-00.gif,0.048,0.044,0
GrayScott-f0.0140-k0.0590-00.gif,0.014,0.059,1
GrayScott-f0.0140-k0.0630-00.gif,0.014,0.063,1
GrayScott-f0.0530-k0.0420-00.gif,0.053,0.042,0
GrayScott-f0.0560-k0.0400-00.gif,0.056,0.04,0
GrayScott-f0.0290-k0.0550-00.gif,0.029,0.055,3
GrayScott-f0.0140-k0.0460-00.gif,0.014,0.046,4
GrayScott-f0.0210-k0.0560-00.gif,0.021,0.056,5
GrayScott-f0.0520-k0.0690-00.gif,0.052,0.069,1
GrayScott-f0.0430-k0.0690-00.gif,0.043,0.069,1
GrayScott-f0.0550-k0.0430-00.gif,0.055,0.043,0
GrayScott-f0.0450-k0.0430-00.gif,0.045,0.043,0
GrayScott-f0.0320-k0.0690-00.gif,0.032,0.069,1
GrayScott-f0.0280-k0.0560-00.gif,0.028,0.056,5
GrayScott-f0.0230-k0.0590-00.gif,0.023,0.059,1
GrayScott-f0.0240-k0.0500-00.gif,0.024,0.05,2
GrayScott-f0.0510-k0.0510-00.gif,0.051,0.051,2
GrayScott-f0.0480-k0.0590-00.gif,0.048,0.059,5
GrayScott-f0.0520-k0.0470-00.gif,0.052,0.047,2
GrayScott-f0.0320-k0.0530-00.gif,0.032,0.053,3
GrayScott-f0.0210-k0.0490-00.gif,0.021,0.049,4
GrayScott-f0.0390-k0.0470-00.gif,0.039,0.047,2
GrayScott-f0.0250-k0.0560-00.gif,0.025,0.056,5
GrayScott-f0.0300-k0.0610-00.gif,0.03,0.061,1
GrayScott-f0.0300-k0.0550-00.gif,0.03,0.055,3
GrayScott-f0.0570-k0.0660-00.gif,0.057,0.066,1
GrayScott-f0.0480-k0.0560-00.gif,0.048,0.056,3
GrayScott-f0.0560-k0.0590-00.gif,0.056,0.059,5
GrayScott-f0.0430-k0.0540-00.gif,0.043,0.054,3
GrayScott-f0.0510-k0.0560-00.gif,0.051,0.056,3
GrayScott-f0.0340-k0.0550-00.gif,0.034,0.055,3
GrayScott-f0.0280-k0.0440-00.gif,0.028,0.044,0
GrayScott-f0.0560-k0.0510-00.gif,0.056,0.051,3
GrayScott-f0.0390-k0.0680-00.gif,0.039,0.068,1
GrayScott-f0.0170-k0.0500-00.gif,0.017,0.05,4
GrayScott-f0.0280-k0.0620-00.gif,0.028,0.062,1
GrayScott-f0.0350-k0.0410-00.gif,0.035,0.041,0
GrayScott-f0.0150-k0.0490-00.gif,0.015,0.049,4
GrayScott-f0.0260-k0.0450-00.gif,0.026,0.045,0
GrayScott-f0.0580-k0.0540-00.gif,0.058,0.054,3
GrayScott-f0.0150-k0.0400-00.gif,0.015,0.04,0
GrayScott-f0.0190-k0.0530-00.gif,0.019,0.053,4
GrayScott-f0.0170-k0.0590-00.gif,0.017,0.059,1
GrayScott-f0.0560-k0.0530-00.gif,0.056,0.053,3
GrayScott-f0.0360-k0.0530-00.gif,0.036,0.053,3
GrayScott-f0.0290-k0.0500-00.gif,0.029,0.05,2
GrayScott-f0.0210-k0.0460-00.gif,0.021,0.046,0
GrayScott-f0.0340-k0.0680-00.gif,0.034,0.068,1
GrayScott-f0.0460-k0.0630-00.gif,0.046,0.063,1
GrayScott-f0.0170-k0.0470-00.gif,0.017,0.047,4
GrayScott-f0.0140-k0.0570-00.gif,0.014,0.057,1
GrayScott-f0.0400-k0.0640-00.gif,0.04,0.064,1
GrayScott-f0.0320-k0.0490-00.gif,0.032,0.049,2
GrayScott-f0.0550-k0.0630-00.gif,0.055,0.063,1
GrayScott-f0.0180-k0.0650-00.gif,0.018,0.065,1
GrayScott-f0.0210-k0.0540-00.gif,0.021,0.054,4
GrayScott-f0.0480-k0.0490-00.gif,0.048,0.049,2
GrayScott-f0.0500-k0.0440-00.gif,0.05,0.044,0
GrayScott-f0.0570-k0.0520-00.gif,0.057,0.052,3
GrayScott-f0.0370-k0.0480-00.gif,0.037,0.048,2
GrayScott-f0.0590-k0.0400-00.gif,0.059,0.04,0
GrayScott-f0.0320-k0.0540-00.gif,0.032,0.054,3
GrayScott-f0.0460-k0.0620-00.gif,0.046,0.062,1
GrayScott-f0.0320-k0.0510-00.gif,0.032,0.051,2
GrayScott-f0.0350-k0.0400-00.gif,0.035,0.04,0
GrayScott-f0.0500-k0.0400-00.gif,0.05,0.04,0
GrayScott-f0.0360-k0.0480-00.gif,0.036,0.048,2
GrayScott-f0.0560-k0.0450-00.gif,0.056,0.045,2
GrayScott-f0.0100-k0.0530-00.gif,0.01,0.053,1
GrayScott-f0.0270-k0.0410-00.gif,0.027,0.041,0
GrayScott-f0.0140-k0.0690-00.gif,0.014,0.069,1
GrayScott-f0.0490-k0.0580-00.gif,0.049,0.058,5
GrayScott-f0.0130-k0.0510-00.gif,0.013,0.051,4
GrayScott-f0.0460-k0.0640-00.gif,0.046,0.064,1
GrayScott-f0.0580-k0.0420-00.gif,0.058,0.042,0
GrayScott-f0.0380-k0.0600-00.gif,0.038,0.06,5
GrayScott-f0.0370-k0.0530-00.gif,0.037,0.053,3
GrayScott-f0.0470-k0.0440-00.gif,0.047,0.044,0
GrayScott-f0.0370-k0.0450-00.gif,0.037,0.045,0
GrayScott-f0.0250-k0.0680-00.gif,0.025,0.068,1
GrayScott-f0.0430-k0.0640-00.gif,0.043,0.064,1
GrayScott-f0.0470-k0.0580-00.gif,0.047,0.058,5
GrayScott-f0.0160-k0.0590-00.gif,0.016,0.059,1
GrayScott-f0.0100-k0.0540-00.gif,0.01,0.054,1
GrayScott-f0.0470-k0.0420-00.gif,0.047,0.042,0
GrayScott-f0.0100-k0.0650-00.gif,0.01,0.065,1
GrayScott-f0.0380-k0.0610-00.gif,0.038,0.061,5
GrayScott-f0.0410-k0.0640-00.gif,0.041,0.064,1
GrayScott-f0.0490-k0.0630-00.gif,0.049,0.063,1
GrayScott-f0.0510-k0.0580-00.gif,0.051,0.058,5
GrayScott-f0.0200-k0.0470-00.gif,0.02,0.047,4
GrayScott-f0.0280-k0.0550-00.gif,0.028,0.055,4
GrayScott-f0.0410-k0.0600-00.gif,0.041,0.06,5
GrayScott-f0.0490-k0.0620-00.gif,0.049,0.062,1
GrayScott-f0.0410-k0.0660-00.gif,0.041,0.066,1
GrayScott-f0.0590-k0.0690-00.gif,0.059,0.069,1
GrayScott-f0.0220-k0.0670-00.gif,0.022,0.067,1
GrayScott-f0.0240-k0.0430-00.gif,0.024,0.043,0
GrayScott-f0.0460-k0.0440-00.gif,0.046,0.044,0
GrayScott-f0.0160-k0.0550-00.gif,0.016,0.055,1
GrayScott-f0.0380-k0.0480-00.gif,0.038,0.048,2
GrayScott-f0.0160-k0.0560-00.gif,0.016,0.056,1
GrayScott-f0.0390-k0.0490-00.gif,0.039,0.049,2
GrayScott-f0.0490-k0.0410-00.gif,0.049,0.041,0
GrayScott-f0.0270-k0.0650-00.gif,0.027,0.065,1
GrayScott-f0.0360-k0.0400-00.gif,0.036,0.04,0
GrayScott-f0.0500-k0.0520-00.gif,0.05,0.052,3
GrayScott-f0.0370-k0.0660-00.gif,0.037,0.066,1
GrayScott-f0.0390-k0.0560-00.gif,0.039,0.056,3
GrayScott-f0.0400-k0.0660-00.gif,0.04,0.066,1
GrayScott-f0.0120-k0.0680-00.gif,0.012,0.068,1
GrayScott-f0.0440-k0.0560-00.gif,0.044,0.056,3
GrayScott-f0.0300-k0.0590-00.gif,0.03,0.059,5
GrayScott-f0.0340-k0.0660-00.gif,0.034,0.066,1
GrayScott-f0.0160-k0.0650-00.gif,0.016,0.065,1
GrayScott-f0.0290-k0.0620-00.gif,0.029,0.062,1
GrayScott-f0.0210-k0.0600-00.gif,0.021,0.06,1
GrayScott-f0.0300-k0.0630-00.gif,0.03,0.063,1
GrayScott-f0.0550-k0.0670-00.gif,0.055,0.067,1
GrayScott-f0.0470-k0.0560-00.gif,0.047,0.056,3
GrayScott-f0.0300-k0.0450-00.gif,0.03,0.045,0
GrayScott-f0.0550-k0.0600-00.gif,0.055,0.06,5
GrayScott-f0.0130-k0.0470-00.gif,0.013,0.047,4
GrayScott-f0.0290-k0.0570-00.gif,0.029,0.057,5
GrayScott-f0.0260-k0.0440-00.gif,0.026,0.044,0
GrayScott-f0.0310-k0.0490-00.gif,0.031,0.049,2
GrayScott-f0.0590-k0.0500-00.gif,0.059,0.05,3
GrayScott-f0.0370-k0.0440-00.gif,0.037,0.044,0
GrayScott-f0.0350-k0.0600-00.gif,0.035,0.06,5
GrayScott-f0.0310-k0.0510-00.gif,0.031,0.051,2
GrayScott-f0.0270-k0.0440-00.gif,0.027,0.044,0
GrayScott-f0.0280-k0.0430-00.gif,0.028,0.043,0
GrayScott-f0.0520-k0.0550-00.gif,0.052,0.055,3
GrayScott-f0.0380-k0.0460-00.gif,0.038,0.046,0
GrayScott-f0.0590-k0.0420-00.gif,0.059,0.042,0
GrayScott-f0.0150-k0.0510-00.gif,0.015,0.051,4
GrayScott-f0.0180-k0.0470-00.gif,0.018,0.047,4
GrayScott-f0.0520-k0.0420-00.gif,0.052,0.042,0
GrayScott-f0.0180-k0.0440-00.gif,0.018,0.044,0
GrayScott-f0.0460-k0.0410-00.gif,0.046,0.041,0
GrayScott-f0.0590-k0.0580-00.gif,0.059,0.058,5
GrayScott-f0.0540-k0.0450-00.gif,0.054,0.045,2
GrayScott-f0.0250-k0.0570-00.gif,0.025,0.057,5
GrayScott-f0.0440-k0.0670-00.gif,0.044,0.067,1
GrayScott-f0.0390-k0.0660-00.gif,0.039,0.066,1
GrayScott-f0.0470-k0.0430-00.gif,0.047,0.043,0
GrayScott-f0.0500-k0.0430-00.gif,0.05,0.043,0
GrayScott-f0.0430-k0.0460-00.gif,0.043,0.046,0
GrayScott-f0.0330-k0.0490-00.gif,0.033,0.049,2
GrayScott-f0.0550-k0.0660-00.gif,0.055,0.066,1
GrayScott-f0.0460-k0.0420-00.gif,0.046,0.042,0
GrayScott-f0.0120-k0.0670-00.gif,0.012,0.067,1
GrayScott-f0.0550-k0.0480-00.gif,0.055,0.048,2
GrayScott-f0.0120-k0.0550-00.gif,0.012,0.055,1
GrayScott-f0.0150-k0.0630-00.gif,0.015,0.063,1
GrayScott-f0.0520-k0.0620-00.gif,0.052,0.062,1
GrayScott-f0.0440-k0.0410-00.gif,0.044,0.041,0
GrayScott-f0.0510-k0.0620-00.gif,0.051,0.062,1
GrayScott-f0.0570-k0.0470-00.gif,0.057,0.047,2
GrayScott-f0.0420-k0.0620-00.gif,0.042,0.062,1
GrayScott-f0.0570-k0.0500-00.gif,0.057,0.05,2
GrayScott-f0.0550-k0.0490-00.gif,0.055,0.049,2
GrayScott-f0.0580-k0.0490-00.gif,0.058,0.049,2
GrayScott-f0.0530-k0.0650-00.gif,0.053,0.065,1
GrayScott-f0.0320-k0.0670-00.gif,0.032,0.067,1
GrayScott-f0.0430-k0.0400-00.gif,0.043,0.04,0
GrayScott-f0.0160-k0.0580-00.gif,0.016,0.058,1
GrayScott-f0.0150-k0.0590-00.gif,0.015,0.059,1
GrayScott-f0.0160-k0.0480-00.gif,0.016,0.048,4
GrayScott-f0.0270-k0.0580-00.gif,0.027,0.058,5
GrayScott-f0.0460-k0.0600-00.gif,0.046,0.06,5
GrayScott-f0.0390-k0.0650-00.gif,0.039,0.065,1
GrayScott-f0.0260-k0.0500-00.gif,0.026,0.05,2
GrayScott-f0.0350-k0.0550-00.gif,0.035,0.055,3
GrayScott-f0.0470-k0.0510-00.gif,0.047,0.051,2
GrayScott-f0.0500-k0.0660-00.gif,0.05,0.066,1
GrayScott-f0.0270-k0.0610-00.gif,0.027,0.061,1
GrayScott-f0.0530-k0.0540-00.gif,0.053,0.054,3
GrayScott-f0.0540-k0.0480-00.gif,0.054,0.048,2
GrayScott-f0.0410-k0.0470-00.gif,0.041,0.047,2
GrayScott-f0.0290-k0.0540-00.gif,0.029,0.054,3
GrayScott-f0.0550-k0.0440-00.gif,0.055,0.044,2
GrayScott-f0.0510-k0.0490-00.gif,0.051,0.049,2
GrayScott-f0.0520-k0.0660-00.gif,0.052,0.066,1
GrayScott-f0.0400-k0.0570-00.gif,0.04,0.057,5
GrayScott-f0.0390-k0.0460-00.gif,0.039,0.046,0
GrayScott-f0.0440-k0.0640-00.gif,0.044,0.064,1
GrayScott-f0.0550-k0.0500-00.gif,0.055,0.05,2
GrayScott-f0.0450-k0.0530-00.gif,0.045,0.053,3
GrayScott-f0.0480-k0.0690-00.gif,0.048,0.069,1
GrayScott-f0.0340-k0.0530-00.gif,0.034,0.053,3
GrayScott-f0.0340-k0.0430-00.gif,0.034,0.043,0
GrayScott-f0.0180-k0.0460-00.gif,0.018,0.046,4
GrayScott-f0.0320-k0.0620-00.gif,0.032,0.062,1
GrayScott-f0.0380-k0.0670-00.gif,0.038,0.067,1
GrayScott-f0.0100-k0.0440-00.gif,0.01,0.044,4
GrayScott-f0.0420-k0.0600-00.gif,0.042,0.06,5
GrayScott-f0.0590-k0.0650-00.gif,0.059,0.065,1
GrayScott-f0.0180-k0.0680-00.gif,0.018,0.068,1
GrayScott-f0.0560-k0.0520-00.gif,0.056,0.052,3
GrayScott-f0.0500-k0.0470-00.gif,0.05,0.047,2
GrayScott-f0.0180-k0.0620-00.gif,0.018,0.062,1
GrayScott-f0.0340-k0.0620-00.gif,0.034,0.062,1
GrayScott-f0.0420-k0.0400-00.gif,0.042,0.04,0
GrayScott-f0.0410-k0.0690-00.gif,0.041,0.069,1
GrayScott-f0.0230-k0.0460-00.gif,0.023,0.046,0
GrayScott-f0.0410-k0.0430-00.gif,0.041,0.043,0
GrayScott-f0.0420-k0.0550-00.gif,0.042,0.055,3
GrayScott-f0.0340-k0.0450-00.gif,0.034,0.045,0
GrayScott-f0.0150-k0.0430-00.gif,0.015,0.043,4
GrayScott-f0.0440-k0.0470-00.gif,0.044,0.047,2
GrayScott-f0.0360-k0.0640-00.gif,0.036,0.064,1
GrayScott-f0.0530-k0.0660-00.gif,0.053,0.066,1
GrayScott-f0.0230-k0.0670-00.gif,0.023,0.067,1
GrayScott-f0.0570-k0.0690-00.gif,0.057,0.069,1
GrayScott-f0.0540-k0.0610-00.gif,0.054,0.061,1
GrayScott-f0.0190-k0.0650-00.gif,0.019,0.065,1
GrayScott-f0.0100-k0.0480-00.gif,0.01,0.048,4
GrayScott-f0.0310-k0.0560-00.gif,0.031,0.056,5
GrayScott-f0.0130-k0.0680-00.gif,0.013,0.068,1
GrayScott-f0.0410-k0.0480-00.gif,0.041,0.048,2
GrayScott-f0.0160-k0.0490-00.gif,0.016,0.049,4
GrayScott-f0.0160-k0.0680-00.gif,0.016,0.068,1
GrayScott-f0.0370-k0.0430-00.gif,0.037,0.043,0
GrayScott-f0.0340-k0.0490-00.gif,0.034,0.049,2
GrayScott-f0.0430-k0.0580-00.gif,0.043,0.058,5
GrayScott-f0.0310-k0.0480-00.gif,0.031,0.048,2
GrayScott-f0.0220-k0.0520-00.gif,0.022,0.052,4
GrayScott-f0.0140-k0.0420-00.gif,0.014,0.042,4
GrayScott-f0.0140-k0.0650-00.gif,0.014,0.065,1
GrayScott-f0.0170-k0.0660-00.gif,0.017,0.066,1
GrayScott-f0.0280-k0.0470-00.gif,0.028,0.047,0
GrayScott-f0.0350-k0.0520-00.gif,0.035,0.052,2
GrayScott-f0.0490-k0.0550-00.gif,0.049,0.055,3
GrayScott-f0.0110-k0.0540-00.gif,0.011,0.054,1
GrayScott-f0.0310-k0.0620-00.gif,0.031,0.062,1
GrayScott-f0.0150-k0.0470-00.gif,0.015,0.047,4
GrayScott-f0.0480-k0.0650-00.gif,0.048,0.065,1
GrayScott-f0.0170-k0.0450-00.gif,0.017,0.045,4
GrayScott-f0.0230-k0.0540-00.gif,0.023,0.054,4
GrayScott-f0.0500-k0.0580-00.gif,0.05,0.058,5
GrayScott-f0.0130-k0.0570-00.gif,0.013,0.057,1
GrayScott-f0.0230-k0.0480-00.gif,0.023,0.048,2
GrayScott-f0.0130-k0.0440-00.gif,0.013,0.044,4
GrayScott-f0.0340-k0.0460-00.gif,0.034,0.046,0
GrayScott-f0.0410-k0.0670-00.gif,0.041,0.067,1
GrayScott-f0.0450-k0.0450-00.gif,0.045,0.045,0
GrayScott-f0.0510-k0.0650-00.gif,0.051,0.065,1
GrayScott-f0.0520-k0.0580-00.gif,0.052,0.058,5
GrayScott-f0.0440-k0.0550-00.gif,0.044,0.055,3
GrayScott-f0.0180-k0.0410-00.gif,0.018,0.041,0
GrayScott-f0.0570-k0.0640-00.gif,0.057,0.064,1
GrayScott-f0.0410-k0.0440-00.gif,0.041,0.044,0
GrayScott-f0.0210-k0.0630-00.gif,0.021,0.063,1
GrayScott-f0.0140-k0.0610-00.gif,0.014,0.061,1
GrayScott-f0.0310-k0.0470-00.gif,0.031,0.047,0
GrayScott-f0.0570-k0.0560-00.gif,0.057,0.056,5
GrayScott-f0.0530-k0.0560-00.gif,0.053,0.056,5
GrayScott-f0.0400-k0.0410-00.gif,0.04,0.041,0
GrayScott-f0.0500-k0.0460-00.gif,0.05,0.046,2
GrayScott-f0.0510-k0.0670-00.gif,0.051,0.067,1
GrayScott-f0.0420-k0.0440-00.gif,0.042,0.044,0
GrayScott-f0.0590-k0.0510-00.gif,0.059,0.051,3
GrayScott-f0.0100-k0.0430-00.gif,0.01,0.043,4
GrayScott-f0.0320-k0.0450-00.gif,0.032,0.045,0
GrayScott-f0.0160-k0.0440-00.gif,0.016,0.044,4
GrayScott-f0.0170-k0.0480-00.gif,0.017,0.048,4
GrayScott-f0.0590-k0.0610-00.gif,0.059,0.061,1
GrayScott-f0.0480-k0.0470-00.gif,0.048,0.047,2
GrayScott-f0.0100-k0.0490-00.gif,0.01,0.049,4
GrayScott-f0.0440-k0.0400-00.gif,0.044,0.04,0
GrayScott-f0.0490-k0.0420-00.gif,0.049,0.042,0
GrayScott-f0.0310-k0.0420-00.gif,0.031,0.042,0
GrayScott-f0.0250-k0.0540-00.gif,0.025,0.054,4
GrayScott-f0.0350-k0.0470-00.gif,0.035,0.047,0
GrayScott-f0.0460-k0.0560-00.gif,0.046,0.056,3
GrayScott-f0.0400-k0.0520-00.gif,0.04,0.052,2
GrayScott-f0.0510-k0.0680-00.gif,0.051,0.068,1
GrayScott-f0.0300-k0.0660-00.gif,0.03,0.066,1
GrayScott-f0.0590-k0.0620-00.gif,0.059,0.062,1
GrayScott-f0.0180-k0.0490-00.gif,0.018,0.049,4
GrayScott-f0.0240-k0.0410-00.gif,0.024,0.041,0
GrayScott-f0.0520-k0.0510-00.gif,0.052,0.051,3
GrayScott-f0.0140-k0.0540-00.gif,0.014,0.054,1
GrayScott-f0.0530-k0.0580-00.gif,0.053,0.058,5
GrayScott-f0.0490-k0.0680-00.gif,0.049,0.068,1
GrayScott-f0.0430-k0.0520-00.gif,0.043,0.052,2
GrayScott-f0.0220-k0.0480-00.gif,0.022,0.048,2
GrayScott-f0.0210-k0.0450-00.gif,0.021,0.045,0
GrayScott-f0.0580-k0.0520-00.gif,0.058,0.052,3
GrayScott-f0.0300-k0.0420-00.gif,0.03,0.042,0
GrayScott-f0.0420-k0.0490-00.gif,0.042,0.049,2
GrayScott-f0.0350-k0.0570-00.gif,0.035,0.057,5
GrayScott-f0.0440-k0.0600-00.gif,0.044,0.06,5
GrayScott-f0.0510-k0.0420-00.gif,0.051,0.042,0
GrayScott-f0.0550-k0.0460-00.gif,0.055,0.046,2
GrayScott-f0.0550-k0.0410-00.gif,0.055,0.041,0
GrayScott-f0.0100-k0.0570-00.gif,0.01,0.057,1
GrayScott-f0.0290-k0.0400-00.gif,0.029,0.04,0
GrayScott-f0.0180-k0.0510-00.gif,0.018,0.051,4
GrayScott-f0.0300-k0.0460-00.gif,0.03,0.046,0
GrayScott-f0.0560-k0.0630-00.gif,0.056,0.063,1
GrayScott-f0.0130-k0.0660-00.gif,0.013,0.066,1
GrayScott-f0.0450-k0.0580-00.gif,0.045,0.058,5
GrayScott-f0.0230-k0.0430-00.gif,0.023,0.043,0
GrayScott-f0.0540-k0.0520-00.gif,0.054,0.052,3
GrayScott-f0.0550-k0.0680-00.gif,0.055,0.068,1
GrayScott-f0.0200-k0.0480-00.gif,0.02,0.048,4
GrayScott-f0.0520-k0.0590-00.gif,0.052,0.059,5
GrayScott-f0.0310-k0.0630-00.gif,0.031,0.063,1
GrayScott-f0.0570-k0.0440-00.gif,0.057,0.044,2
GrayScott-f0.0580-k0.0630-00.gif,0.058,0.063,1
GrayScott-f0.0420-k0.0640-00.gif,0.042,0.064,1
GrayScott-f0.0290-k0.0410-00.gif,0.029,0.041,0
GrayScott-f0.0220-k0.0630-00.gif,0.022,0.063,1
GrayScott-f0.0330-k0.0460-00.gif,0.033,0.046,0
GrayScott-f0.0110-k0.0520-00.gif,0.011,0.052,1
GrayScott-f0.0130-k0.0490-00.gif,0.013,0.049,4
GrayScott-f0.0520-k0.0630-00.gif,0.052,0.063,1
GrayScott-f0.0110-k0.0420-00.gif,0.011,0.042,4
GrayScott-f0.0330-k0.0400-00.gif,0.033,0.04,0
GrayScott-f0.0260-k0.0620-00.gif,0.026,0.062,1
GrayScott-f0.0230-k0.0440-00.gif,0.023,0.044,0
GrayScott-f0.0360-k0.0560-00.gif,0.036,0.056,3
GrayScott-f0.0180-k0.0640-00.gif,0.018,0.064,1
GrayScott-f0.0580-k0.0400-00.gif,0.058,0.04,0
GrayScott-f0.0550-k0.0530-00.gif,0.055,0.053,3
GrayScott-f0.0280-k0.0410-00.gif,0.028,0.041,0
GrayScott-f0.0150-k0.0600-00.gif,0.015,0.06,1
GrayScott-f0.0240-k0.0580-00.gif,0.024,0.058,5
GrayScott-f0.0240-k0.0520-00.gif,0.024,0.052,4
GrayScott-f0.0190-k0.0470-00.gif,0.019,0.047,4
GrayScott-f0.0170-k0.0400-00.gif,0.017,0.04,0
GrayScott-f0.0440-k0.0590-00.gif,0.044,0.059,5
GrayScott-f0.0310-k0.0650-00.gif,0.031,0.065,1
GrayScott-f0.0130-k0.0610-00.gif,0.013,0.061,1
